1;MV;Duck the Halls: A Mickey Mouse Christmas Special;November 26, 2021;2016;Animation
2;MV;Ernest Saves Christmas;November 26, 2021;1988;Comedy
3;MV;Ice Age: A Mammoth Christmas;November 26, 2021;2011;Animation
4;MV;The Queen Family Singalong;November 26, 2021;2021;Musical
5;TV;The Beatles: Get Back;November 25, 2021;2021;Docuseries
6;MV;Becoming Cousteau;November 24, 2021;2021;Biographical
7;TV;Hawkeye;November 24, 2021;2021;Action-Adventure
8;TV;Port Protection Alaska;November 24, 2021;2015;Docuseries
9;TV;Secrets of the Zoo: Tampa;November 24, 2021;2019;Animals & Nature
10;MV;A Muppets Christmas: Letters To Santa;November 19, 2021;2008;Comedy
11;MV;Adventure Thru the Walt Disney Archives;November 19, 2021;2020;Documentary
12;MV;Puppy for Hanukkah;November 19, 2021;2020;Comedy
13;MV;The Pixar Story;November 19, 2021;2007;Documentary
14;TV;Dr. Oakley, Yukon Vet;November 17
15;MV;America the Beautiful;November 12, 2021;2021;Animals & Nature
16;MV;Baymax!;November 12, 2021;2021;Animation
17;MV;Ciao Alberto;November 12, 2021;2021;Animation
18;TV;Disney Fancy Nancy;November 12, 2021;2018;Animation
19;TV;Disney Intertwined;November 12, 2021;2021;Comedy
20;MV;Enchanted;November 12, 2021;2007;Comedy
21;MV;Feast;November 12, 2021;2014;Animation
22;MV;Frozen Fever;November 12, 2021;2015;Animation
23;MV;Get a Horse!;November 12, 2021;2013;Action-Adventure
24;MV;Home Sweet Home Alone;November 12, 2021;2021;Comedy
25;MV;Jungle Cruise;November 12, 2021;2021;Action-Adventure
26;MV;Limitless with Chris Hemsworth;November 12, 2021;2021;Lifestyle
27;MV;Marvel Studios’ 2021 Disney+ Day Special;November 12, 2021;2021;Movies
28;MV;Obi-Wan Kenobi;November 12, 2021;2021;Action-Adventure
29;TV;Olaf Presents;November 12, 2021;2021;Animation
30;MV;Paperman;November 12, 2021;2012;Animation
31;MV;Pixar 2021 Disney+ Day Special;November 12, 2021;2021;Movies
32;MV;Shang-Chi and The Legend of The Ten Rings;November 12, 2021;2021;Action-Adventure
33;MV;Spin;November 12, 2021;2021;Coming of Age
34;MV;Tangled Ever After;November 12, 2021;2012;Animation
35;MV;The Ballad of Nessie;November 12, 2021;2011;Animation
36;MV;The Little Matchgirl;November 12, 2021;2006;Animation
37;MV;The Making of Happier Than Ever: A Love Letter to Los Angeles;November 12, 2021;2021;Concert Film
38;MV;The Proud Family: Louder and Prouder;November 12, 2021;2021;Animation
39;MV;The Simpsons in Plusaversary;November 12, 2021;2021;Animation
40;MV;Tick Tock Tale;November 12, 2021;2010;Animation
41;MV;Under the Helmet: The Legacy of Boba Fett;November 12, 2021;2021;Science Fiction
42;MV;Willow;November 12, 2021;2021;Action-Adventure
43;MV;Alvin and the Chipmunks: Chipwrecked;November 5, 2021;2011;Comedy
44;MV;Jingle All The Way;November 5, 2021;1996;Comedy
45;MV;Jingle All the Way 2;November 5, 2021;2014;Comedy
46;MV;Prep & Landing: Operation Secret Santa;November 5, 2021;2010;Animation
47;MV;Santa Buddies: The Legend of Santa Paws;November 5, 2021;2009;Comedy
48;MV;Snow Buddies;November 5, 2021;2008;Action-Adventure
49;MV;Space Buddies;November 5, 2021;2009;Action-Adventure
50;MV;The Search for Santa Paws;November 5, 2021;2010;Drama
51;MV;X-Men: First Class;November 5, 2021;2011;Action-Adventure
52;TV;Disney Amphibia;November 3, 2021;2018;Animation
53;TV;Photo Ark;November 3, 2021;2017;Animals & Nature
54;TV;Storm Rising;November 3, 2021;2021;Action-Adventure
55;MV;Bob Ballard: An Explorer's Life;October 29, 2021;2021;Biographical
56;MV;McFarland, USA;October 29
57;MV;Rookie of the Year;October 22, 2021;1993;Comedy
58;MV;Thumbelina;October 22, 2021;1994;Animation
59;TV;PJ Masks;October 20, 2021;2015;Action-Adventure
60;TV;The Wild Life of Dr. Ole;October 20, 2021;2021;Animals & Nature
61;MV;Lost Cities with Albert Lin: The Great Flood;October 15, 2021;2021;Documentary
62;MV;Megacity of the Maya Warriors;October 15, 2021;2021;Documentary
63;TV;Apollo: Back To The Moon;October 13, 2021;2019;Docuseries
64;TV;Just Beyond;October 13, 2021;2021;Anthology
65;TV;Secrets Of The Zoo: Down Under;October 13, 2021;2020;Animals & Nature
66;TV;Secrets of the Zoo: North Carolina;October 13, 2021;2020;Reality
67;TV;The Wizard of Paws;October 13, 2021;2021;Animals & Nature
68;TV;Zombies: Addison's Moonstone Mystery;October 13, 2021;2020;Animation
69;MV;Just Roll With It: You Decide Live!;October 8, 2021;2019;Comedy
70;MV;Mickey's Tale of Two Witches;October 8, 2021;2021;Animation
71;MV;Muppets Haunted Mansion;October 8, 2021;2021;Comedy
72;MV;The Most Magical Story on Earth: 50 Years of Walt Disney World;October 8, 2021;2021;Family
73;MV;Under Wraps;October 8, 2021;2021;Action-Adventure
74;TV;Among the Stars;October 6, 2021;2021;Docuseries
75;MV;Black Widow;October 6, 2021;2021;Action-Adventure
76;TV;Drain the Oceans;October 6, 2021;2017;Docuseries
77;TV;Drain The Oceans: The Mississippi River & Arctic War;October 6, 2021;2021;Docuseries
78;MV;Fauci;October 6, 2021;2021;Biographical
79;TV;IMPACT with Gal Gadot;October 6, 2021;2021;Docuseries
80;TV;The Ghost and Molly McGee;October 6, 2021;2021;Animation
81;MV;Alvin and the Chipmunks;October 1, 2021;2007;Animation
82;MV;Alvin and the Chipmunks: The Road Chip;October 1, 2021;2015;Comedy
83;MV;LEGO Star Wars Terrifying Tales;October 1, 2021;2021;Action-Adventure
84;MV;Maleficent;October 1, 2021;2014;Action-Adventure
85;MV;The Scariest Story Ever: A Mickey Mouse Halloween Spooktacular;October 1, 2021;2017;Animation
86;TV;Disney Vampirina;September 29, 2021;2017;Animation
87;TV;Disney's Magic Bake-Off;September 29, 2021;2021;Family
88;TV;Great Barrier Reef;September 29, 2021;2020;Animals & Nature
89;TV;Ready for Preschool;September 29, 2021;2019;Kids
90;TV;Rolie Polie Olie;September 29, 2021;1998;Animation
91;TV;Star Wars Galaxy of Sounds;September 29, 2021;2021;Animation
92;TV;The Hatcher Family Dairy;September 29, 2021;2021;Animals & Nature
93;TV;The Simpsons;September 29, 2021;1989;Animation
94;MV;A Spark Story;September 24, 2021;2021;Documentary
95;MV;Spooky Buddies;September 24, 2021;2011;Comedy
96;MV;The Fault in Our Stars;September 24, 2021;2014;Coming of Age
97;TV;Dog: Impossible;September 22, 2021;2019;Animals & Nature
98;TV;Spidey And His Amazing Friends;September 22, 2021;2021;Action-Adventure
99;TV;Star Wars: Visions;September 22, 2021;2021;Action-Adventure
100;MV;Confessions of a Shopaholic;September 17, 2021;2009;Comedy
101;MV;Descendants: Royal Wedding;September 17, 2021;2021;Animation
102;MV;Disney's Broadway Hits at London's Royal Albert Hall;September 17, 2021;2016;Concert Film
103;MV;Flooded Tombs of the Nile;September 17, 2021;2021;Documentary
104;MV;Jade Eyed Leopard;September 17, 2021;2020;Animals & Nature
105;MV;Nona;September 17, 2021;2021;Animation
106;MV;Smoky Mountain Park Rangers;September 17, 2021;2021;Animals & Nature
107;TV;Life Below Zero;September 15, 2021;2012;Action-Adventure
108;TV;Miraculous: Tales Of Ladybug & Cat Noir;September 15, 2021;2015;Action-Adventure
109;TV;Unknown Waters with Jeremy Wade;September 15, 2021;2021;Animals & Nature
110;MV;Far Away From Raven’s Home;September 10, 2021;2021;Comedy
111;MV;Pirates of the Caribbean: On Stranger Tides;September 10, 2021;2011;Action-Adventure
112;MV;Twenty Something;September 10, 2021;2021;Animation
113;TV;Doogie Kamealoha, M.D.;September 8
114;TV;Mira, Royal Detective;September 8
115;TV;Pepper Ann;September 8, 2021;1997;Animation
116;TV;The Incredible Dr. Pol;September 8, 2021;2011;Animals & Nature
117;MV;Happier Than Ever: A Love Letter to Los Angeles;September 3, 2021;2021;Concert Film
118;MV;X-Men: Dark Phoenix;September 3, 2021;2019;Action-Adventure
119;TV;Alaska Animal Rescue;September 1, 2021;2019;Animals & Nature
120;TV;Dug Days;September 1, 2021;2021;Animation
121;MV;Cruella;August 27, 2021;2021;Crime
122;MV;Dan in Real Life;August 27, 2021;2007;Comedy
123;MV;Disney Princess Remixed - An Ultimate Princess Celebration;August 27, 2021;2021;Family
124;MV;Marvel One-Shot: All Hail the King;August 27, 2021;2014;Comedy
125;MV;Underdog;August 27, 2021;2007;Action-Adventure
126;TV;Dr. K's Exotic Animal ER;August 25, 2021;2014;Animals & Nature
127;TV;Gigantosaurus;August 25, 2021;2018;Action-Adventure
128;TV;Life Below Zero: Next Generation;August 25, 2021;2020;Action-Adventure
129;MV;Eragon;August 20, 2021;2006;Action-Adventure
130;TV;Growing Up Animal;August 18, 2021;2021;Animals & Nature
131;MV;Fantastic Four;August 13, 2021;2005;Action-Adventure
132;MV;X-Men;August 13, 2021;2000;Action-Adventure
133;TV;America's Funniest Home Videos: Animal Edition;August 11, 2021;2021;Reality
134;TV;Chicken Squad;August 11, 2021;2021;Animation
135;TV;Disney Presents Goofy in How to Stay at Home;August 11, 2021;2021;Animation
136;TV;Gabby Duran And The Unsittables;August 11, 2021;2018;Comedy
137;TV;What If...?;August 11, 2021;2021;Action-Adventure
138;MV;Beverly Hills Chihuahua 2;August 6, 2021;2011;Action-Adventure
139;MV;Beverly Hills Chihuahua 3: Viva La Fiesta!;August 6, 2021;2012;Comedy
140;MV;Killer Shark vs Killer Whale;August 6, 2021;2021;Animals & Nature
141;MV;Mrs. Doubtfire;August 6, 2021;1993;Comedy
142;TV;Cesar Millan: Better Human Better Dog;August 4, 2021;2021;Animals & Nature
143;TV;Walt Disney Animation Studios: Short Circuit Experimental Films;August 4, 2021;2020;Animation
144;MV;Built for Mars: The Perseverance Rover;July 30, 2021;2021;Documentary
145;MV;Garfield;July 30, 2021;2004;Comedy
146;TV;Chip 'n' Dale: Park Life;July 28, 2021;2021;Animation
147;TV;Critter Fixers: Country Vets;July 28, 2021;2020;Animals & Nature
148;TV;Disney Junior T.O.T.S.;July 28, 2021;2018;Animation
149;TV;Mickey Mouse Funhouse;July 28, 2021;2021;Animation
150;TV;Minnie's Bow-Toons: Party Palace Pals;July 28, 2021;2021;Animation
151;TV;Turning the Tables with Robin Roberts;July 28, 2021;2021;Talk Show
152;MV;Ice Age: The Meltdown;July 23, 2021;2006;Animation
153;MV;Playing with Sharks;July 23, 2021;2021;Animals & Nature
154;MV;Shark vs. Surfer;July 23, 2021;2020;Animals & Nature
155;MV;Shark vs. Whale;July 23, 2021;2020;Animals & Nature
156;MV;Stuntman;July 23, 2021;2021;Documentary
157;MV;Walking with Dinosaurs: The MV;July 23, 2021;2013;Action-Adventure
158;MV;What the Shark?;July 23, 2021;2020;Animals & Nature
159;TV;Behind the Attraction;July 21, 2021;2021;Docuseries
160;TV;Disney The Owl House;July 21, 2021;2020;Action-Adventure
161;TV;Meet Spidey and His Amazing Friends (Shorts);July 21, 2021;2021;Action-Adventure
162;TV;Mission Force One;July 21, 2021;2017;Action-Adventure
163;TV;Turner & Hooch;July 21, 2021;2021;Action-Adventure
164;MV;Most Wanted Sharks;July 16, 2021;2020;Animals & Nature
165;MV;Secrets of the Bull Shark;July 16, 2021;2020;Animals & Nature
166;TV;Shark Attack Files;July 16, 2021;2021;Animals & Nature
167;MV;Shark Attack Investigation: The Paige Winter Story;July 16, 2021;2021;Animals & Nature
168;MV;Sharkcano;July 16, 2021;2020;Animals & Nature
169;MV;We Bought a Zoo;July 16, 2021;2011;Animals & Nature
170;MV;World's Biggest Bullshark;July 16, 2021;2021;Animals & Nature
171;MV;World's Most Dangerous Shark?;July 16, 2021;2021;Animals & Nature
172;TV;So Random!;July 14, 2021;2011;Comedy
173;MV;Flicka;July 9, 2021;2006;Animals & Nature
174;MV;Miraculous World: Shanghai, The Legend of Ladydragon;July 9
175;MV;Orca vs. Great White;July 9, 2021;2021;Animals & Nature
176;MV;Rogue Shark?;July 9, 2021;2021;Animals & Nature
177;MV;Shark Beach with Chris Hemsworth;July 9, 2021;2021;Animals & Nature
178;MV;Shark Gangs;July 9, 2021;2021;Animals & Nature
179;MV;The Croc That Ate Jaws;July 9, 2021;2021;Animals & Nature
180;TV;When Sharks Attack;July 9, 2021;2013;Reality
181;TV;Breaking Bobby Bones;July 7, 2021;2021;Action-Adventure
182;TV;Mickey Mouse Mixed-Up Adventures;July 7, 2021;2019;Animation
183;TV;Monsters at Work;July 7, 2021;2021;Animation
184;MV;The Good, The Bart
185;TV;Disney Raven's Home;July 2, 2021;2016;Comedy
186;MV;The Sandlot;July 2, 2021;1993;Comedy
187;MV;The Sandlot 2;July 2, 2021;2005;Comedy
188;MV;Adventures in Babysitting;June 25, 2021;1987;Action-Adventure
189;TV;Running Wild with Bear Grylls;June 25, 2021;2019;Action-Adventure
190;TV;The Mysterious Benedict Society;June 25, 2021;2021;Action-Adventure
191;MV;Wolfgang;June 25, 2021;2021;Biographical
192;TV;Dino Ranch;June 18, 2021;2021;Animation
193;TV;Disney Just Roll With It;June 18, 2021;2018;Comedy
194;TV;Heartland Docs, DVM;June 18
195;MV;Luca;June 18, 2021;2021;Animation
196;TV;Star Wars Vintage: Droids;June 18, 2021;1985;Action-Adventure
197;TV;Puppy Dog Pals;June 11, 2021;2016;Animation
198;MV;Strange Magic;June 11, 2021;2015;Action-Adventure
199;MV;The Happiest Millionaire;June 11, 2021;1967;Biographical
200;MV;The Pacifier;June 11, 2021;2005;Action-Adventure
201;TV;Zenimation;June 11, 2021;2020;Animation
202;TV;Loki;June 9, 2021;2021;Action-Adventure
203;TV;Gordon Ramsay: Uncharted;June 4, 2021;2018;Action-Adventure
204;TV;MUPPET BABIES;June 4, 2021;2017;Animation
205;MV;Raya and the Last Dragon;June 4, 2021;2021;Action-Adventure
206;MV;Red Tails;June 4, 2021;2012;Action-Adventure
207;MV;Us Again;June 4, 2021;2021;Animation
208;MV;American Eid;May 28, 2021;2021;Drama
209;TV;Bluey;May 28, 2021;2019;Animation
210;MV;Dinner Is Served;May 28, 2021;2021;Coming of Age
211;TV;Disney Sydney To The Max;May 28, 2021;2018;Comedy
212;MV;Growing Fangs;May 28, 2021;2021;Coming of Age
213;TV;Kingdom of the Polar Bears;May 28, 2021;2021;Animals & Nature
214;MV;Let's Be Tigers;May 28, 2021;2021;Drama
215;MV;The Last of the Chupacabras;May 28, 2021;2021;Fantasy
216;MV;The Little Prince(ss);May 28, 2021;2021;Drama
217;TV;Wicked Tuna;May 28, 2021;2016;Action-Adventure
218;TV;Big City Greens;May 21, 2021;2017;Action-Adventure
219;TV;Fury Files;May 21, 2021;2013;Animation
220;TV;Ice Road Rescue;May 21, 2021;2015;Docuseries
221;MV;Tinker Bell and the Legend of the NeverBeast;May 21, 2021;2014;Action-Adventure
222;TV;Schoolhouse Rock!;May 17, 2021;1973;Animals & Nature
223;TV;Disney Special Agent Oso: Three Healthy Steps (Shorts);May 14, 2021;2011;Action-Adventure
224;TV;Race to the Center of the Earth;May 14, 2021;2021;Action-Adventure
225;TV;Special Agent Oso;May 14, 2021;2009;Action-Adventure
226;MV;X-Men: The Last Stand;May 14, 2021;2006;Action-Adventure
227;TV;The Incredible Hulk;May 10, 2021;1996;Action-Adventure
228;MV;Fantastic Four: Rise of the Silver Surfer;May 7, 2021;2007;Action-Adventure
229;TV;Wander Over Yonder;May 7, 2021;2013;Comedy
230;MV;Wild Hearts Can't Be Broken;May 7, 2021;1991;Biographical
231;MV;"Maggie Simpson in ""The Force Awakens from its Nap""";May 4, 2021;2021;Animation
232;MV;Star Wars Biomes;May 4, 2021;2021;Science Fiction
233;TV;Star Wars Vehicle Flythroughs;May 4, 2021;2021;Anthology
234;TV;The Bad Batch;May 4, 2021;2021;Action-Adventure
235;TV;Spider-Man;May 3, 2021;1994;Action-Adventure
236;MV;22 vs. Earth;April 30, 2021;2021;Animation
237;TV;Adventures in Wonderland;April 30, 2021;1996;Fantasy
238;MV;Disney My Music Story SUKIMASWITCH;April 30, 2021;2020;Biographical
239;TV;DuckTales;April 30, 2021;2017;Action-Adventure
240;MV;Oklahoma!;April 30, 2021;1956;Musical
241;MV;Baby's Day Out;April 23, 2021;1994;Action-Adventure
242;MV;Being the Queen;April 23, 2021;2020;Biographical
243;TV;Liv and Maddie;April 23, 2021;2013;Comedy
244;TV;Secrets of the Whales;April 22, 2021;2021;Animals & Nature
245;TV;Big Shot;April 16, 2021;2021;Comedy
246;TV;Earth Moods;April 16, 2021;2021;Animals & Nature
247;TV;Primal Survivor;April 16, 2021;2014;Docuseries
248;MV;Rio;April 16, 2021;2011;Action-Adventure
249;MV;The Kid Who Would Be King;April 16, 2021;2019;Action-Adventure
250;MV;Treasure Buddies;April 16, 2021;2012;Action-Adventure
251;MV;White Fang 2: Myth of the White Wolf;April 16, 2021;1994;Action-Adventure
252;MV;Cesar Millan: The Real Story;April 9, 2021;2012;Biographical
253;TV;Future-Worm!;April 9, 2021;2016;Family
254;TV;Kick Buttowski: Suburban Daredevil;April 9, 2021;2010;Action-Adventure
255;MV;Man of the House;April 9, 2021;1995;Comedy
256;MV;Mark Twain and Me;April 9, 2021;1991;Biographical
257;MV;Squanto: A Warrior's Tale;April 9, 2021;1994;Action-Adventure
258;MV;Caravan of Courage: An Ewok Adventure;April 2, 2021;1984;Action-Adventure
259;MV;Ewoks: The Battle for Endor;April 2, 2021;1985;Action-Adventure
260;TV;Higglytown Heroes;April 2, 2021;2004;Animation
261;MV;Island at the Top of the World;April 2, 2021;1974;Action-Adventure
262;TV;Made in a Day;April 2, 2021;2020;Reality
263;MV;Night at the Museum;April 2, 2021;2006;Action-Adventure
264;TV;Secrets Of The Zoo;April 2, 2021;2017;Animals & Nature
265;MV;Sharks Of The Bermuda Triangle;April 2, 2021;2020;Animals & Nature
266;TV;Star Wars Vintage: Clone Wars 2D Micro-Series;April 2, 2021;2021;Series
267;MV;Star Wars Vintage: Story of the Faithful Wookiee;April 2, 2021;2021;Animation
268;TV;Star Wars: Ewoks;April 2, 2021;1985;Action-Adventure
269;MV;The Big Year;April 2, 2021;2011;Animals & Nature
270;MV;The Last Ice;April 2, 2021;2020;Animals & Nature
271;MV;Third Man on the Mountain;April 2, 2021;1959;Action-Adventure
272;TV;Walk the Prank;April 2, 2021;2016;Comedy
273;MV;Gnomeo & Juliet;March 26, 2021;2011;Action-Adventure
274;TV;Pickle and Peanut;March 26, 2021;2015;Comedy
275;TV;The Mighty Ducks: Game Changers;March 26, 2021;2021;Comedy
276;TV;Disney Big Hero 6 The Series;March 19, 2021;2017;Action-Adventure
277;MV;Disney My Music Story: Perfume;March 19, 2021;2019;Biographical
278;TV;Mexico Untamed;March 19, 2021;2018;Animals & Nature
279;TV;The Falcon and The Winter Soldier;March 19, 2021;2021;Action-Adventure
280;MV;Doc McStuffins: The Doc Is In;March 12, 2021;2020;Animation
281;TV;Marvel Studios ASSEMBLED;March 12, 2021;2021;Anthology
282;MV;Miss Peregrine's Home for Peculiar Children;March 12, 2021;2016;Coming of Age
283;MV;Own the Room;March 12, 2021;2021;Documentary
284;MV;Garfield: A Tail of Two Kitties;March 5, 2021;2006;Comedy
285;TV;American Dragon: Jake Long;February 26, 2021;2004;Action-Adventure
286;TV;Car SOS;February 26, 2021;2012;Buddy
287;TV;Disney Channel Games 2008;February 26, 2021;2008;Game Show / Competition
288;TV;Disney Roll It Back (Shorts);February 26, 2021;2019;Comedy
289;TV;Dog With a Blog;February 26, 2021;2012;Comedy
290;TV;Mickey Go Local;February 26, 2021;2019;Animation
291;MV;Myth: A Frozen Tale;February 26, 2021;2021;Animation
292;MV;Okavango: River of Dreams;February 26, 2021;2020;Animals & Nature
293;TV;Pair of Kings;February 26, 2021;2010;Action-Adventure
294;TV;Secrets of Sulphur Springs;February 26, 2021;2021;Family
295;MV;Shanghai Disney Resort Grand Opening Gala;February 26, 2021;2016;Variety
296;MV;Cheaper By the Dozen;February 19, 2021;2003;Comedy
297;MV;Cheaper by the Dozen 2;February 19, 2021;2005;Comedy
298;MV;Flora & Ulysses;February 19, 2021;2021;Comedy
299;MV;The Book of Life;February 19, 2021;2014;Action-Adventure
300;TV;The Muppet Show;February 19, 2021;1976;Comedy
301;TV;Marvel Battleworld: Mystery of the Thanostones;February 12, 2021;2020;Action-Adventure
302;MV;Marvel's Behind the Mask;February 12, 2021;2021;Anthology
303;MV;Rodgers & Hammerstein's Cinderella;February 12, 2021;1997;Comedy
304;MV;You Again;February 12, 2021;2010;Comedy
305;MV;Disney My Music Story: Yoshiki;February 5, 2021;2019;Biographical
306;MV;Expedition Everest;February 5, 2021;2020;Animals & Nature
307;MV;Upside-Down Magic;February 5, 2021;2020;Coming of Age
308;TV;Wicked Tuna: Outer Banks;February 5, 2021;2013;Animals & Nature
309;TV;Dinosaurs;January 29, 2021;1991;Comedy
310;MV;Texas Storm Squad;January 29, 2021;2020;Documentary
311;TV;Pixar Popcorn;January 22, 2021;2021;Animation
312;MV;Wild Uganda;January 22, 2021;2018;Animals & Nature
313;TV;Elena of Avalor;January 15, 2021;2015;Action-Adventure
314;MV;Isle of Dogs;January 15, 2021;2018;Action-Adventure
315;MV;Mary Poppins Returns;January 15, 2021;2018;Family
316;TV;WandaVision;January 15, 2021;2021;Drama
317;TV;Disney Fam Jam;January 8, 2021;2020;Family
318;MV;Ferdinand;January 8, 2021;2017;Action-Adventure
319;TV;Marvel Studios LEGENDS;January 8, 2021;2021;Action-Adventure
320;MV;Toy Story: That Time Forgot;January 8, 2021;2014;Action-Adventure
321;MV;700 Sharks;January 1, 2021;2018;Animals & Nature
322;MV;Big Sharks Rule;January 1, 2021;2018;Animals & Nature
323;MV;Dr. Seuss' Horton Hears a Who!;January 1, 2021;2008;Animation
324;MV;Great Shark Chow Down;January 1, 2021;2019;Animals & Nature
325;MV;Mega Hammerhead;January 1, 2021;2016;Animals & Nature
326;MV;Burrow;December 25, 2020;2020;Animation
327;TV;Cosmos: Possible Worlds;December 25, 2020;2020;Action-Adventure
328;TV;Disney Gallery / Star Wars: The Mandalorian;December 25, 2020;2020;Action-Adventure
329;MV;Max Keeble's Big Move;December 25, 2020;2001;Comedy
330;MV;Soul;December 25, 2020;2020;Animation
331;MV;Arendelle Castle Yule Log;December 18, 2020;2020;Animation
332;MV;Buried Truth of the Maya;December 18, 2020;2020;Documentary
333;TV;Disney Parks Sunrise Series;December 18, 2020;2021;Animals & Nature
334;MV;Dory's Reef Cam;December 18, 2020;2020;Animation
335;MV;Into the Woods;December 18, 2020;2014;Action-Adventure
336;MV;Miraculous World: New York, United Heroez;December 18
337;TV;On Pointe;December 18, 2020;2020;Docuseries
338;TV;Wild Nordic;December 18, 2020;2019;Animals & Nature
339;MV;Disney Channel's Epic Holiday Showdown;December 11, 2020;2020;Fantasy
340;MV;Disney Holiday Magic Quest;December 11, 2020;2020;Movies
341;MV;Gender Revolution: A Journey With Katie Couric;December 11, 2020;2017;Documentary
342;MV;High School Musical: The Musical: The Holiday Special;December 11, 2020;2020;Drama
343;MV;Ralph Breaks the Internet;December 11, 2020;2018;Action-Adventure
344;MV;Safety;December 11, 2020;2020;Biographical
345;MV;Anastasia;December 4, 2020;1997;Animation
346;MV;Godmothered;December 4, 2020;2020;Comedy
347;MV;Man vs. Shark;December 4, 2020;2019;Animals & Nature
348;MV;Mulan;December 4, 2020;2020;Action-Adventure
349;MV;Sky High;December 4, 2020;2005;Action-Adventure
350;MV;The Disney Holiday Singalong;December 4, 2020;2020;Family
351;MV;The Nutcracker and the Four Realms;December 4, 2020;2018;Action-Adventure
352;MV;Alexander and the Terrible, Horrible
353;MV;Black Beauty;November 27, 2020;2020;Animals & Nature
354;MV;From Our Family to Yours;November 27, 2020;2020;Animation
355;TV;Once Upon a Time in Wonderland;November 27, 2020;2013;Action-Adventure
356;TV;Party Animals;November 27, 2020;2016;Animals & Nature
357;MV;Folklore: the long pond studio sessions;November 25, 2020;2020;Documentary
358;TV;Bia;November 20, 2020;2019;Coming of Age
359;TV;Marvel's 616;November 20, 2020;2020;Anthology
360;MV;Planes;November 20, 2020;2013;Action-Adventure
361;MV;Planes: Fire & Rescue;November 20, 2020;2014;Action-Adventure
362;MV;The Real Right Stuff;November 20, 2020;2020;Documentary
363;TV;The Wonderful World of Mickey Mouse;November 18, 2020;2020;Action-Adventure
364;MV;LEGO Star Wars Holiday Special;November 17, 2020;2020;Action-Adventure
365;MV;Home Alone;November 13, 2020;1990;Comedy
366;MV;Home Alone 2: Lost in New York;November 13, 2020;1992;Comedy
367;MV;Home Alone 3;November 13, 2020;1997;Comedy
368;TV;Inside Pixar;November 13, 2020;2020;Docuseries
369;MV;Petra: Secrets of the Ancient Builders;November 13, 2020;2019;Documentary
370;MV;Ultimate Viking Sword;November 13, 2020;2019;Documentary
371;MV;Disney's A Christmas Carol;November 6, 2020;2009;Animation
372;TV;Fancy Nancy (Shorts);November 6, 2020;2019;Animation
373;TV;Goldie & Bear;November 6, 2020;2015;Action-Adventure
374;MV;Mr. Magoo;November 6, 2020;1997;Action-Adventure
375;MV;Prep & Landing;November 6, 2020;2009;Animation
376;MV;Prep & Landing: Naughty vs. Nice;November 6, 2020;2011;Animation
377;MV;Disney Channel Halloween House Party;October 30, 2020;2020;Comedy
378;TV;The Mandalorian;October 30, 2020;2019;Action-Adventure
379;MV;The Sorcerer's Apprentice;October 30, 2020;2010;Action-Adventure
380;TV;X-Ray Earth;October 30, 2020;2020;Animals & Nature
381;TV;Gathering Storm;October 23, 2020;2020;Animals & Nature
382;TV;India From Above;October 23, 2020;2019;Docuseries
383;TV;Marvel Super Hero Adventures;October 23, 2020;2017;Action-Adventure
384;MV;Once Upon a Snowman;October 23, 2020;2020;Animation
385;MV;Pompeii: Secrets Of The Dead;October 23, 2020;2019;Documentary
386;MV;Toy Story of Terror!;October 23, 2020;2013;Animation
387;MV;Beverly Hills Chihuahua;October 16, 2020;2008;Action-Adventure
388;MV;Clouds;October 16, 2020;2020;Biographical
389;MV;Lost on Everest;October 16, 2020;2020;Animals & Nature
390;MV;Marvel's Iron Man & Captain America: Heroes United;October 16, 2020;2014;Action-Adventure
391;TV;Meet The Chimps;October 16, 2020;2020;Animals & Nature
392;TV;The Rocketeer;October 16, 2020;2019;Action-Adventure
393;MV;Oil Spill of The Century;October 9, 2020;2019;Documentary
394;MV;The Chronicles Of Narnia: The Voyage of the Dawn Treader;October 9, 2020;2010;Action-Adventure
395;TV;The Right Stuff;October 9, 2020;2020;Drama
396;MV;Wild Portugal;October 9, 2020;2020;Animals & Nature
397;MV;X2;October 9, 2020;2003;Action-Adventure
398;MV;Mr. Holland's Opus;October 2, 2020;1996;Drama
399;MV;Disneynature Oceans;September 25, 2020;2010;Animals & Nature
400;MV;Hidden Figures;September 25, 2020;2016;Biographical
401;TV;Magic of Disney's Animal Kingdom;September 25, 2020;2020;Animals & Nature
402;MV;Secret Society of Second-Born Royals;September 25, 2020;2020;Action-Adventure
403;MV;The Giant Robber Crab;September 25, 2020;2019;Animals & Nature
404;TV;Wild Central America;September 25, 2020;2020;Action-Adventure
405;TV;Ancient China from Above;September 18, 2020;2020;Docuseries
406;TV;Becoming;September 18, 2020;2020;Anthology
407;TV;Coop & Cami Ask The World;September 18, 2020;2018;Comedy
408;TV;Europe from Above;September 18, 2020;2019;Docuseries
409;MV;Ever After: A Cinderella Story;September 18, 2020;1998;Drama
410;TV;Kingdom of the Mummies;September 18, 2020;2020;Docuseries
411;MV;Morning Light;September 18, 2020;2008;Documentary
412;MV;Notre Dame: Race Against The Inferno;September 18, 2020;2019;Documentary
413;TV;Once Upon a Time;September 18, 2020;2011;Action-Adventure
414;TV;Soy Luna;September 18, 2020;2015;Comedy
415;TV;Violetta;September 18, 2020;2011;Coming of Age
416;MV;Christopher Robin;September 11, 2020;2018;Drama
417;MV;D2: The Mighty Ducks;September 4, 2020;1994;Comedy
418;MV;D3: The Mighty Ducks;September 4, 2020;1996;Comedy
419;TV;Earth to Ned;September 4, 2020;2020;Comedy
420;MV;Trick or Treat;September 4, 2020;1952;Animation
421;MV;Alice Through the Looking Glass;August 28, 2020;2016;Action-Adventure
422;MV;Phineas and Ferb The MV: Candace Against the Universe;August 28, 2020;2020;Action-Adventure
423;MV;Back to the Titanic;August 21, 2020;2020;Documentary
424;MV;Beauty and the Beast;August 21, 2020;2017;Family
425;MV;Mars: One Day on the Red Planet;August 21, 2020;2020;Documentary
426;MV;The One and Only Ivan;August 21, 2020;2020;Drama
427;TV;Weirdest, Bestest
428;TV;Disney Junior T.O.T.S.: Calling All T.O.T.S. (Shorts);August 14, 2020;2020;Animation
429;MV;Disney Zombies 2;August 14, 2020;2020;Coming of Age
430;MV;India's Wild Leopards;August 14, 2020;2020;Animals & Nature
431;TV;Jungle Animal Rescue;August 14, 2020;2019;Animals & Nature
432;MV;Magic Camp;August 14, 2020;2020;Comedy
433;MV;Marvel Studios' Ant-Man and the Wasp;August 14, 2020;2018;Action-Adventure
434;TV;Nature Boom Time;August 14, 2020;2016;Animals & Nature
435;TV;Sam's Zookeeper Challenge;August 14, 2020;2018;Animals & Nature
436;TV;Scuba Sam's World;August 14, 2020;2018;Animals & Nature
437;TV;Spaced Out;August 14, 2020;2018;Docuseries
438;MV;The Greatest Showman;August 14, 2020;2017;Biographical
439;TV;Weird But True!;August 14, 2020;2017;Animals & Nature
440;TV;Wild Cats of India;August 14, 2020;2020;Animals & Nature
441;MV;Howard;August 7, 2020;2020;Biographical
442;MV;Prince of Persia: The Sands of Time;August 7, 2020;2010;Action-Adventure
443;MV;Star Wars: Galaxy's Edge-Adventure Awaits;August 7, 2020;2019;Documentary
444;MV;The Hidden Kingdoms of China;August 7, 2020;2020;Animals & Nature
445;MV;The Peanuts MV;August 7, 2020;2015;Animation
446;TV;UFO Europe: The Untold Stories;August 7, 2020;2012;Docuseries
447;TV;Animal Showdown;July 31, 2020;2018;Animals & Nature
448;TV;Best Job Ever;July 31, 2020;2018;Animals & Nature
449;MV;Big Cat Games;July 31, 2020;2015;Animals & Nature
450;MV;Black Is King;July 31, 2020;2020;Dance
451;MV;Cradle of the Gods;July 31, 2020;2012;Documentary
452;TV;Destination World;July 31, 2020;2018;Animals & Nature
453;TV;Fearless Adventures with Jack Randall;July 31, 2020;2018;Animals & Nature
454;MV;Hunt for the Abominable Snowman;July 31, 2020;2011;Documentary
455;MV;Incredibles 2;July 31, 2020;2018;Action-Adventure
456;TV;King Fishers;July 31, 2020;2013;Action-Adventure
457;MV;Lost Temple of the Inca;July 31, 2020;2020;Documentary
458;TV;Marvel Funko Shorts;July 31, 2020;2016;Action-Adventure
459;TV;Muppets Now;July 31, 2020;2020;Comedy
460;MV;Surviving the Mount St. Helens Disaster;July 31, 2020;2020;Animals & Nature
461;TV;What Sam Sees;July 31, 2020;2018;Animals & Nature
462;MV;Pirates of the Caribbean: Dead Men Tell No Tales;July 24, 2020;2017;Action-Adventure
463;TV;PJ Masks (Shorts);July 24, 2020;2017;Action-Adventure
464;TV;Rogue Trip;July 24, 2020;2020;Buddy
465;TV;Wild Congo;July 24, 2020;2014;Animals & Nature
466;TV;Wild Sri Lanka;July 24, 2020;2016;Animals & Nature
467;MV;A Pre-Opening Report from Disneyland;July 17, 2020;1955;Documentary
468;MV;Diary of a Wimpy Kid: The Long Haul;July 17, 2020;2017;Comedy
469;TV;Disney Junior Music Lullabies;July 17, 2020;2018;Animation
470;MV;Lost City of Machu Picchu;July 17, 2020;2019;Documentary
471;TV;Super Robot Monkey Team Hyperforce Go!;July 17, 2020;2004;Action-Adventure
472;MV;The Mouseketeers at Walt Disney World;July 17, 2020;1977;Coming of Age
473;TV;Wild Chile;July 17, 2020;2017;Animals & Nature
474;MV;X-Men: Apocalypse;July 17, 2020;2016;Action-Adventure
475;TV;Cosmos: A Spacetime Odyssey;July 10, 2020;2013;Action-Adventure
476;MV;Hamilton: History Has Its Eyes on You;July 10, 2020;2020;Historical
477;MV;Solo: A Star Wars Story;July 10, 2020;2018;Action-Adventure
478;MV;X-Men: Days of Future Past;July 10, 2020;2014;Action-Adventure
479;MV;The Undefeated Presents: Hamilton In-Depth;July 5, 2020;2020;Historical
480;TV;Animal ER;July 3, 2020;2016;Animals & Nature
481;MV;Diary of a Wimpy Kid: Rodrick Rules;July 3, 2020;2011;Comedy
482;MV;Hamilton;July 3, 2020;2020;Biographical
483;MV;Ice Age: Collision Course;July 3, 2020;2016;Action-Adventure
484;MV;Race to Witch Mountain;July 3, 2020;2009;Action-Adventure
485;MV;The Big Green;July 3, 2020;1995;Comedy
486;MV;The Mighty Ducks;July 3, 2020;1992;Comedy
487;MV;While You Were Sleeping;July 3, 2020;1995;Comedy
488;TV;Disney A.N.T. Farm;June 26, 2020;2011;Comedy
489;TV;Into the Unknown: Making Frozen 2;June 26, 2020;2020;Docuseries
490;MV;Man in Space;June 26, 2020;1955;Documentary
491;MV;Mars and Beyond;June 26, 2020;1957;Animation
492;MV;Marvel Studios' Avengers: Infinity War;June 26, 2020;2018;Action-Adventure
493;MV;Tarzan;June 26, 2020;1999;Action-Adventure
494;MV;Tarzan II;June 26, 2020;2005;Action-Adventure
495;TV;101 Dalmatians (Series);June 19, 2020;1997;Action-Adventure
496;MV;Big Sur: Wild California;June 19, 2020;2010;Animals & Nature
497;TV;Disney Junior Muppet Babies Play Date;June 19, 2020;2018;Comedy
498;MV;Egypt's Treasure Guardians;June 19, 2020;2016;Documentary
499;MV;The Jungle Book;June 19, 2020;2016;Action-Adventure
500;MV;The Pirate Fairy;June 19, 2020;2014;Action-Adventure
501;MV;Trail Mix-Up;June 19, 2020;1993;Action-Adventure
502;MV;Tummy Trouble;June 19, 2020;1989;Action-Adventure
503;MV;Artemis Fowl;June 12, 2020;2020;Action-Adventure
504;TV;Mighty Med;June 12, 2020;2013;Comedy
505;MV;The Liberty Story;June 12, 2020;1957;Drama
506;MV;The Story of the Animated Drawing;June 12, 2020;1955;Documentary
507;MV;Walt & El Grupo;June 12, 2020;2009;Documentary
508;TV;Alaska's Grizzly Gauntlet;June 5, 2020;2018;Animals & Nature
509;MV;America's Greatest Animals;June 5, 2020;2012;Animals & Nature
510;MV;Chasing the Equinox;June 5, 2020;2019;Documentary
511;TV;Howie Mandel's Animals Doing Things;June 5, 2020;2017;Animals & Nature
512;TV;Japan: Between Earth and Sky;June 5, 2020;2017;Animals & Nature
513;MV;Percy Jackson & The Olympians: The Lightning Thief;June 5, 2020;2010;Action-Adventure
514;TV;Secrets of Wild India;June 5, 2020;2012;Animals & Nature
515;TV;The Greeks;June 5, 2020;2016;Docuseries
516;TV;Wild Hawaii;June 5, 2020;2014;Animals & Nature
517;MV;Women Of Impact: Changing The World;June 5, 2020;2019;Documentary
518;MV;"Maggie Simpson in ""The Longest Daycare""";May 29, 2020;2012;Animation
519;MV;Mickey and the Seal;May 29, 2020;1948;Animation
520;TV;The Evermoor Chronicles;May 29, 2020;2015;Coming of Age
521;MV;The Moon-Spinners;May 29, 2020;1964;Crime
522;TV;Doc McStuffins;May 22, 2020;2011;Animation
523;MV;Fantastic Mr. Fox;May 22, 2020;2009;Animation
524;MV;Hello, Dolly!;May 22
525;TV;Marvel's Future Avengers;May 22, 2020;2017;Action-Adventure
526;MV;Out;May 22, 2020;2020;Animation
527;TV;The Big Fib;May 22, 2020;2019;Family
528;MV;The Boys: The Sherman Brothers' Story;May 22, 2020;2009;Biographical
529;TV;It's a Dog's Life with Bill Farmer;May 15, 2020;2020;Animals & Nature
530;MV;Maleficent: Mistress of Evil;May 15, 2020;2019;Action-Adventure
531;MV;Star Wars: The Rise of Skywalker (Episode IX);May 4, 2020;2019;Action-Adventure
532;MV;John Carter;May 2, 2020;2012;Action-Adventure
533;TV;Awesome Animals;May 1, 2020;2017;Animals & Nature
534;TV;Birth of Europe;May 1, 2020;2014;Docuseries
535;MV;Bride of Boogedy;May 1, 2020;1987;Action-Adventure
536;TV;Buried Secrets Of The Bible With Albert Lin;May 1, 2020;2019;Action-Adventure
537;TV;Disney Prop Culture;May 1, 2020;2020;Docuseries
538;MV;George of the Jungle;May 1, 2020;1997;Action-Adventure
539;MV;Homeward Bound II: Lost in San Francisco;May 1, 2020;1996;Action-Adventure
540;MV;Homeward Bound: The Incredible Journey;May 1, 2020;1993;Action-Adventure
541;MV;How to Play Baseball;May 1, 2020;1942;Animation
542;MV;In Beaver Valley;May 1, 2020;1950;Animals & Nature
543;TV;Lost Treasures Of Egypt;May 1, 2020;2018;Docuseries
544;TV;Love & Vets;May 1, 2020;2017;Animals & Nature
545;MV;Nature's Half Acre;May 1, 2020;1951;Animals & Nature
546;TV;Prairie Dog Manor;May 1, 2020;2019;Animals & Nature
547;MV;Prowlers of the Everglades;May 1, 2020;1953;Animals & Nature
548;MV;The Princess Bride;May 1, 2020;1987;Action-Adventure
549;TV;United States Of Animals;May 1, 2020;2015;Animals & Nature
550;TV;Unlikely Animal Friends;May 1, 2020;2012;Animals & Nature
551;MV;Water Birds;May 1, 2020;1952;Animals & Nature
552;MV;National Treasure;April 30, 2020;2004;Action-Adventure
553;MV;Born Wild: The Next Generation;April 28, 2020;2020;Animals & Nature
554;TV;America's Funniest Home Videos;April 24, 2020;1989;Comedy
555;MV;The Olympic Elk;April 24, 2020;1952;Animals & Nature
556;TV;Tangled: The Series;April 23, 2020;2016;Action-Adventure
557;MV;Jane Goodall: The Hope;April 22, 2020;2020;Biographical
558;TV;Brain Games;April 17, 2020;2011;Docuseries
559;TV;Disney Mickey and the Roadster Racers - Chip 'N' Dale's Nutty Tales (Shorts);April 17, 2020;2017;Action-Adventure
560;MV;Let's Stick Together;April 17, 2020;1952;Animation
561;MV;Pluto's Purchase;April 17, 2020;1948;Animation
562;TV;Tron Uprising;April 14, 2020;2011;Action-Adventure
563;MV;A Celebration of the Music from Coco;April 10, 2020;2020;Concert Film
564;TV;Disney Playtime with Puppy Dog Pals (Shorts);April 10, 2020;2017;Animation
565;MV;"Maggie Simpson in ""Playdate with Destiny""";April 10, 2020;2020;Animation
566;TV;Paradise Islands;April 10, 2020;2017;Animals & Nature
567;TV;Tut's Treasures: Hidden Secrets;April 10, 2020;2018;Docuseries
568;MV;A Tale of Two Critters;April 3, 2020;1977;Animals & Nature
569;MV;All in a Nutshell;April 3, 2020;1949;Animation
570;MV;Disneynature Penguins;April 3, 2020;2019;Animals & Nature
571;MV;Diving with Dolphins;April 3, 2020;2020;Animals & Nature
572;MV;Dolphin Reef;April 3, 2020;2018;Animals & Nature
573;MV;Don's Fountain of Youth;April 3, 2020;1953;Animation
574;MV;Donald's Dog Laundry;April 3, 2020;1940;Animation
575;MV;Double Dribble;April 3, 2020;1946;Animation
576;MV;Dragon Around;April 3, 2020;1954;Animation
577;MV;Elephant;April 3, 2020;2020;Animals & Nature
578;MV;Elmer Elephant;April 3, 2020;1936;Animation
579;TV;Fish Hooks;April 3, 2020;2010;Animation
580;MV;How To Play Football;April 3, 2020;1944;Animation
581;MV;In the Footsteps of Elephant;April 3, 2020;2020;Animals & Nature
582;MV;Lambert, The Sheepish Lion;April 3
583;MV;On Ice;April 3, 2020;1935;Animation
584;MV;Onward;April 3, 2020;2020;Action-Adventure
585;MV;Out of Scale;April 3, 2020;1951;Animation
586;MV;Penguins: Life on the Edge;April 3, 2020;2020;Animals & Nature
587;MV;Pluto's Party;April 3, 2020;1952;Animation
588;MV;Sea Scouts;April 3, 2020;1939;Animation
589;TV;Sonny With A Chance;April 3, 2020;2008;Comedy
590;MV;The Boy Who Talked to Badgers;April 3, 2020;1975;Action-Adventure
591;MV;The New Neighbor;April 3, 2020;1953;Animation
592;MV;The Small One;April 3, 2020;1978;Animation
593;MV;The Straight Story;April 3, 2020;1999;Biographical
594;MV;Frankenweenie;April 1, 2020;2012;Animation
595;MV;Mars Needs Moms;April 1, 2020;2011;Action-Adventure
596;MV;Prom;April 1, 2020;2011;Comedy
597;MV;The Last Song;April 1, 2020;2010;Coming of Age
598;MV;The Odd Life of Timothy Green;April 1, 2020;2012;Drama
599;TV;Be Our Chef;March 27, 2020;2020;Family
600;MV;A Wrinkle in Time;March 25, 2020;2018;Action-Adventure
601;TV;Disney I Didn't Do It;March 20, 2020;2013;Comedy
602;TV;Disney Insider;March 20, 2020;2020;Anthology
603;TV;Disney Vampirina Ghoul Girls Rock! (Shorts);March 20, 2020;2017;Animation
604;MV;G-Force;March 15, 2020;2009;Action-Adventure
605;MV;Frozen 2;March 14, 2020;2019;Action-Adventure
606;MV;Stargirl;March 13, 2020;2020;Coming of Age
607;MV;The Finest Hours;March 6, 2020;2016;Action-Adventure
608;MV;The Sandlot: Heading Home;March 6, 2020;2007;Comedy
609;MV;Bedtime Stories;March 5, 2020;2008;Comedy
610;MV;Marvel Studios' Black Panther;March 4, 2020;2018;Action-Adventure
611;TV;101 Dalmatian Street;February 28, 2020;2018;Action-Adventure
612;MV;Disney Phineas and Ferb: Phineas and Ferb Star Wars;February 28, 2020;2014;Action-Adventure
613;TV;Shop Class;February 28, 2020;2020;Family
614;MV;Viking Warrior Women;February 28, 2020;2019;Documentary
615;TV;Star Wars Resistance;February 25, 2020;2018;Action-Adventure
616;TV;Lost Cities With Albert Lin;February 21, 2020;2019;Action-Adventure
617;MV;Marvel Rising: Operation Shuri;February 21, 2020;2019;Action-Adventure
618;MV;Marvel Rising: Playing With Fire;February 21, 2020;2019;Action-Adventure
619;TV;Star Wars: The Clone Wars;February 21, 2020;2008;Action-Adventure
620;MV;Marvel's Iron Man & Hulk: Heroes United;February 16, 2020;2013;Action-Adventure
621;MV;Because of Winn-Dixie;February 14, 2020;2005;Comedy
622;TV;Fairy Tale Weddings;February 14, 2020;2017;Docuseries
623;MV;My Dog, the Thief;February 14
624;MV;Splash;February 14, 2020;1984;Comedy
625;TV;That's So Raven;February 8, 2020;2002;Comedy
626;MV;Timmy Failure: Mistakes Were Made;February 7, 2020;2020;Buddy
627;MV;Toy Story 4;February 5, 2020;2019;Action-Adventure
628;MV;Descendants 3;February 2, 2020;2019;Coming of Age
629;MV;Around the World in 80 Days;February 1, 2020;2004;Action-Adventure
630;MV;Big Business;February 1, 2020;1988;Comedy
631;MV;Lamp Life;January 31, 2020;2020;Animation
632;MV;The Lion King;January 28, 2020;2019;Action-Adventure
633;TV;Diary of a Future President;January 17, 2020;2020;Comedy
634;TV;High School Musical: The Musical: The Series: The Sing-Along;January 17, 2020;2019;Comedy
635;TV;America's National Parks;January 15, 2020;2015;Animals & Nature
636;TV;Continent 7: Antarctica;January 15, 2020;2016;Action-Adventure
637;TV;Disney Randy Cunningham: 9th Grade Ninja;January 15, 2020;2011;Action-Adventure
638;TV;Muppet Babies Show and Tell (Shorts);January 15, 2020;2017;Animation
639;TV;The Lodge;January 15, 2020;2016;Coming of Age
640;TV;Wild Russia;January 15, 2020;2018;Animals & Nature
641;MV;Destino;January 10, 2020;2003;Animation
642;MV;Forky Asks a Question: What is Reading?;January 10, 2020;2020;Animation
643;MV;Loop;January 10, 2020;2020;Animation
644;TV;Marvel's Runaways;January 10, 2020;2017;Coming of Age
645;MV;Aladdin (2019);January 8, 2020;2019;Action-Adventure
646;MV;Forky Asks a Question: What is Cheese?;January 3, 2020;2020;Animation
647;TV;Austin & Ally;January 1, 2020;2011;Comedy
648;TV;Billy Dilley's Super-Duper Subterranean Summer;January 1, 2020;2016;Animation
649;MV;Cars Toon: El Materdor;January 1, 2020;2008;Animation
650;MV;Cars Toon: Moon Mater;January 1, 2020;2010;Animation
651;MV;Cars Toon: Rescue Squad Mater;January 1, 2020;2010;Animation
652;MV;Cars Toon: Spinning;January 1, 2020;2013;Animation
653;MV;Cars Toon: Time Travel Mater;January 1, 2020;2012;Animation
654;MV;Cars Toon: Tokyo Mater;January 1, 2020;2008;Animation
655;MV;Cars Toon: Unidentified Flying Mater;January 1, 2020;2010;Animation
656;MV;Cars Toons: Bugged;January 1, 2020;2013;Animation
657;MV;Cool Runnings;January 1, 2020;1993;Biographical
658;MV;Drain Alcatraz;January 1, 2020;2017;Documentary
659;MV;Drain The Bermuda Triangle;January 1, 2020;2014;Documentary
660;MV;Drain The Great Lakes;January 1, 2020;2011;Documentary
661;MV;Drain The Ocean: WWII;January 1, 2020;2016;Documentary
662;MV;Drain The Sunken Pirate City;January 1, 2020;2017;Documentary
663;MV;Drain The Titanic;January 1, 2020;2015;Documentary
664;TV;First Class Chefs: Family Style;January 1, 2020;2015;Family
665;MV;Hacksaw;January 1, 2020;1971;Animals & Nature
666;MV;Holes;January 1, 2020;2003;Coming of Age
667;MV;Marvel 75 Years: From Pulp to Pop!;January 1, 2020;2014;Documentary
668;MV;Marvel Rising: Battle of The Bands;January 1, 2020;2019;Action-Adventure
669;TV;One Strange Rock;January 1, 2020;2017;Animals & Nature
670;TV;Out There with Jack Randall;January 1, 2020;2019;Action-Adventure
671;MV;Super Rhino;January 1, 2020;2009;Action-Adventure
672;TV;The Proud Family;January 1, 2020;2001;Animation
673;TV;The Super Hero Squad;January 1, 2020;2009;Action-Adventure
674;TV;Year Million;January 1, 2020;2016;Docuseries
675;MV;Forky Asks a Question: What is a Pet?;December 27, 2019;2019;Animation
676;MV;Star Wars: The Last Jedi (Episode VIII);December 26, 2019;2017;Action-Adventure
677;MV;Forky Asks a Question: What is a Leader?;December 20, 2019;2019;Animation
678;MV;George of the Jungle 2;December 20, 2019;2003;Action-Adventure
679;MV;High School Musical: The Musical: The Series: The Special;December 20, 2019;2019;Coming of Age
680;TV;Pick of the Litter;December 20, 2019;2019;Animals & Nature
681;MV;Togo;December 20, 2019;2019;Action-Adventure
682;MV;Forky Asks a Question: What is a Computer?;December 13, 2019;2019;Animation
683;MV;Wind;December 13, 2019;2019;Animation
684;MV;Forky Asks a Question: What is Love?;December 6, 2019;2019;Animation
685;TV;One Day at Disney (Shorts);December 6, 2019;2019;Anthology
686;MV;Marvel Studios' Thor: Ragnarok;December 5, 2019;2017;Action-Adventure
687;TV;Disney The Lion Guard;December 3, 2019;2015;Action-Adventure
688;MV;One Day at Disney;December 3, 2019;2019;Documentary
689;TV;Disney Star vs. the Forces of Evil;December 1, 2019;2014;Action-Adventure
690;MV;Expedition Amelia;December 1, 2019;2019;Action-Adventure
691;MV;Glory Road;December 1, 2019;2006;Biographical
692;TV;Henry Hugglemonster;December 1, 2019;2012;Animation
693;MV;Incredible! The Story of Dr. Pol;December 1, 2019;2015;Animals & Nature
694;MV;Marvel Rising: Chasing Ghosts;December 1, 2019;2019;Action-Adventure
695;MV;Marvel Rising: Heart of Iron;December 1, 2019;2019;Action-Adventure
696;TV;Miles From Tomorrowland;December 1, 2019;2014;Action-Adventure
697;TV;Sheriff Callie's Wild West;December 1, 2019;2011;Animation
698;TV;Supercar Megabuild;December 1, 2019;2016;Buddy
699;MV;The Incredible Dr. Pol: Blue Ribbon Kids;December 1, 2019;2016;Animals & Nature
700;MV;Coco;November 29, 2019;2017;Animation
701;MV;Coco (in Spanish);November 29, 2019;2017;Animation
702;MV;Forky Asks a Question: What is Time?;November 29, 2019;2019;Animation
703;MV;The Wonderful World of Disney Presents The Little Mermaid Live!;November 27, 2019;2019;Concert Film
704;MV;Forky Asks a Question: What is Art?;November 22, 2019;2019;Animation
705;TV;Mickey Mouse Roadster Racers;November 20, 2019;2017;Animation
706;MV;Happy Birthday, Mickey!;November 18
707;MV;Forky Asks a Question: What is a Friend?;November 15, 2019;2019;Animation
708;MV;10 Things I Hate About You;November 12, 2019;1999;Comedy
709;MV;101 Dalmatians;November 12, 2019;1961;Action-Adventure
710;MV;101 Dalmatians II: Patch's London Adventure;November 12, 2019;2003;Action-Adventure
711;MV;102 Dalmatians;November 12, 2019;2000;Action-Adventure
712;MV;12 Dates of Christmas;November 12, 2019;2011;Comedy
713;MV;20,000 Leagues Under the Sea;November 12
714;MV;A Bug's Life;November 12, 2019;1998;Animation
715;MV;A Goofy MV;November 12, 2019;1995;Action-Adventure
716;MV;A Kid in King Arthur's Court;November 12, 2019;1995;Action-Adventure
717;MV;A Knight for a Day;November 12, 2019;1946;Animation
718;MV;A Ring of Endless Light;November 12, 2019;2002;Coming of Age
719;MV;Aladdin (1992);November 12, 2019;1992;Action-Adventure
720;MV;Aladdin and the King of Thieves;November 12, 2019;1996;Action-Adventure
721;MV;Aladdin: The Return of Jafar;November 12, 2019;1994;Action-Adventure
722;MV;Alice in Wonderland;November 12, 2019;1951;Action-Adventure
723;MV;Aliens of the Deep;November 12, 2019;2005;Action-Adventure
724;MV;Alley Cats Strike!;November 12, 2019;2000;Coming of Age
725;MV;Almost Angels;November 12, 2019;1962;Coming of Age
726;MV;America's Heart & Soul;November 12, 2019;2004;Documentary
727;MV;Amy;November 12, 2019;1981;Drama
728;MV;An Extremely Goofy MV;November 12, 2019;2000;Animation
729;TV;Andi Mack;November 12, 2019;2016;Comedy
730;MV;Annie;November 12, 2019;1999;Drama
731;MV;Apollo: Missions To The Moon;November 12, 2019;2019;Documentary
732;MV;Atlantis Rising;November 12, 2019;2017;Documentary
733;MV;Atlantis: Milo's Return;November 12, 2019;2003;Action-Adventure
734;MV;Atlantis: The Lost Empire;November 12, 2019;2001;Action-Adventure
735;MV;Auntie Edna;November 12, 2019;2018;Animation
736;MV;Avatar;November 12, 2019;2009;Action-Adventure
737;MV;Babes in the Woods;November 12, 2019;1932;Animation
738;MV;Babes in Toyland;November 12, 2019;1961;Family
739;MV;Bambi;November 12, 2019;1942;Animation
740;MV;Bambi II;November 12, 2019;2006;Animation
741;MV;Bao;November 12, 2019;2018;Animation
742;MV;Beach Picnic;November 12, 2019;1939;Animation
743;MV;Bearly Asleep;November 12, 2019;1955;Animation
744;MV;Beauty and the Beast: Belle's Magical World;November 12, 2019;1998;Animation
745;MV;Beauty and the Beast: The Enchanted Christmas;November 12, 2019;1997;Animation
746;MV;Beezy Bear;November 12, 2019;1955;Animation
747;MV;Before the Flood;November 12, 2019;2016;Documentary
748;MV;Benji the Hunted;November 12, 2019;1987;Action-Adventure
749;TV;Best Friends Whenever;November 12, 2019;2015;Buddy
750;TV;Big City Greens (Shorts);November 12, 2019;2017;Action-Adventure
751;MV;Big Hero 6;November 12, 2019;2014;Action-Adventure
752;TV;Big Hero 6 The Series (Shorts);November 12, 2019;2017;Action-Adventure
753;MV;Bizarre Dinosaurs;November 12, 2019;2009;Animals & Nature
754;MV;Blank Check;November 12, 2019;1994;Comedy
755;MV;Boat Builders;November 12, 2019;1938;Animation
756;MV;Bolt;November 12, 2019;2008;Action-Adventure
757;MV;Bone Bandit;November 12, 2019;1948;Animation
758;TV;Bonkers;November 12, 2019;1993;Animation
759;MV;Boundin';November 12, 2019;2004;Animation
760;TV;Boy Meets World;November 12, 2019;1993;Comedy
761;MV;Brave;November 12, 2019;2012;Animation
762;MV;Brave Little Toaster to the Rescue;November 12, 2019;1999;Action-Adventure
763;MV;Breaking2;November 12, 2019;2017;Documentary
764;MV;Brink!;November 12, 2019;1998;Coming of Age
765;MV;Brother Bear;November 12, 2019;2003;Action-Adventure
766;MV;Brother Bear 2;November 12, 2019;2006;Action-Adventure
767;MV;Buffalo Dreams;November 12, 2019;2005;Buddy
768;TV;Bug Juice: My Adventures at Camp;November 12, 2019;2017;Coming of Age
769;MV;BURN-E;November 12, 2019;2008;Animation
770;MV;Cadet Kelly;November 12, 2019;2002;Comedy
771;MV;Camp Nowhere;November 12, 2019;1994;Comedy
772;MV;Camp Rock;November 12, 2019;2008;Coming of Age
773;MV;Camp Rock 2: The Final Jam;November 12, 2019;2010;Coming of Age
774;MV;Can of Worms;November 12, 2019;1999;Comedy
775;MV;Candleshoe;November 12, 2019;1978;Comedy
776;MV;Canine Caddy;November 12, 2019;1941;Animation
777;MV;Cars;November 12, 2019;2006;Animation
778;MV;Cars 2;November 12, 2019;2011;Animation
779;MV;Cars 3;November 12, 2019;2017;Animation
780;MV;Cars Toon: Air Mater;November 12, 2019;2011;Animation
781;MV;Cars Toon: Heavy Metal Mater;November 12, 2019;2010;Animation
782;MV;Cars Toon: Hiccups;November 12, 2019;2013;Animation
783;MV;Cars Toon: Mater Private Eye;November 12, 2019;2010;Animation
784;MV;Cars Toon: Mater the Greater;November 12, 2019;2008;Animation
785;MV;Cars Toon: Monster Truck Mater;November 12, 2019;2010;Animation
786;MV;Cars Toon: The Radiator Springs 500 1/2;November 12, 2019;2014;Animation
787;MV;Casebusters;November 12, 2019;1986;Drama
788;MV;Cheetah;November 12, 2019;1989;Action-Adventure
789;MV;Chef Donald;November 12, 2019;1941;Animation
790;MV;Chicken Little;November 12, 2019;2005;Animation
791;TV;Chip 'n Dale's Rescue Rangers;November 12, 2019;1989;Action-Adventure
792;MV;Chip an' Dale;November 12, 2019;1947;Animation
793;MV;Cinderella;November 12, 2019;1950;Animation
794;MV;Cinderella II: Dreams Come True;November 12, 2019;2002;Animation
795;MV;Cinderella III: A Twist in Time;November 12, 2019;2007;Animation
796;MV;Clock Cleaners;November 12, 2019;1937;Animation
797;MV;Cloud 9;November 12, 2019;2014;Sports
798;MV;College Road Trip;November 12, 2019;2008;Comedy
799;MV;Confessions of a Teenage Drama Queen;November 12, 2019;2004;Comedy
800;TV;Coop & Cami Ask The World (Shorts);November 12, 2019;2018;Comedy
801;MV;Corn Chips;November 12, 2019;1951;Animation
802;MV;Cow Belles;November 12, 2019;2006;Comedy
803;TV;Crash & Bernstein;November 12, 2019;2012;Comedy
804;MV;Dadnapped;November 12, 2019;2009;Comedy
805;MV;Darby O'Gill and the Little People;November 12, 2019;1959;Family
806;TV;Darkwing Duck;November 12, 2019;1991;Action-Adventure
807;MV;Davy Crockett and the River Pirates;November 12, 2019;1956;Action-Adventure
808;MV;Davy Crockett, King of the Wild Frontier;November 12
809;MV;Day & Night;November 12, 2019;2010;Animation
810;MV;Decorating Disney: Holiday Magic;November 12, 2019;2017;Documentary
811;MV;Deep Blue;November 12, 2019;2005;Animals & Nature
812;MV;Descendants 2;November 12, 2019;2017;Coming of Age
813;MV;Diary Of A Wimpy Kid;November 12, 2019;2010;Comedy
814;MV;Dinosaur;November 12, 2019;2000;Action-Adventure
815;MV;Disney Adventures in Babysitting;November 12, 2019;2016;Action-Adventure
816;MV;Disney Avalon High;November 12, 2019;2010;Coming of Age
817;MV;Disney Bad Hair Day;November 12, 2019;2015;Buddy
818;TV;Disney Bizaardvark;November 12, 2019;2015;Buddy
819;MV;Disney Den Brother;November 12, 2019;2010;Comedy
820;MV;Disney Descendants;November 12, 2019;2015;Coming of Age
821;TV;Disney Descendants Wicked World (Shorts);November 12, 2019;2015;Animation
822;TV;Disney DuckTales (Shorts);November 12, 2019;2016;Action-Adventure
823;TV;Disney Evermoor;November 12, 2019;2017;Series
824;TV;Disney Family Sundays;November 12, 2019;2019;Anthology
825;TV;Disney Fast Layne;November 12, 2019;2018;Action-Adventure
826;MV;Disney Girl vs. Monster;November 12, 2019;2012;Action-Adventure
827;TV;Disney Gravity Falls;November 12, 2019;2011;Action-Adventure
828;TV;Disney Gravity Falls (Shorts);November 12, 2019;2012;Animation
829;TV;Disney Jake and the Never Land Pirates;November 12, 2019;2010;Action-Adventure
830;TV;Disney JONAS;November 12, 2019;2008;Comedy
831;TV;Disney Junior Music Nursery Rhymes;November 12, 2019;2017;Animation
832;TV;Disney K.C. Undercover;November 12, 2019;2014;Action-Adventure
833;TV;Disney Lab Rats: Elite Force;November 12, 2019;2015;Action-Adventure
834;TV;Disney Legend of the Three Caballeros;November 12, 2019;2017;Action-Adventure
835;TV;Disney Mickey Mouse Clubhouse;November 12, 2019;2005;Animation
836;TV;Disney Milo Murphy's Law;November 12, 2019;2016;Action-Adventure
837;TV;Disney Minnie's Bow-Toons (Shorts);November 12, 2019;2011;Animation
838;TV;Disney Stuck In The Middle;November 12, 2019;2015;Comedy
839;TV;Disney Take Two With Phineas And Ferb (Shorts);November 12, 2019;2010;Animation
840;TV;Disney Tangled: The Series - Short Cuts;November 12, 2019;2016;Action-Adventure
841;MV;Disney Under The Sea: A Descendants Short Story;November 12, 2019;2018;Fantasy
842;TV;Disney's Adventures Of The Gummi Bears;November 12, 2019;1985;Action-Adventure
843;TV;Disney's Doug;November 12, 2019;1996;Animation
844;MV;Disney's Fairy Tale Weddings;November 12, 2019;2017;Family
845;MV;Disney's Fairy Tale Weddings: Holiday Magic;November 12, 2019;2017;Family
846;TV;Disney's Hercules: The Animated Series;November 12, 2019;1998;Action-Adventure
847;TV;Disney's Kim Possible;November 12, 2019;2001;Action-Adventure
848;TV;Disney's Little Einsteins;November 12, 2019;2005;Action-Adventure
849;TV;Disney's Mighty Ducks;November 12, 2019;1996;Action-Adventure
850;TV;Disney's Recess;November 12, 2019;1997;Animation
851;TV;Disney's The Emperor's New School;November 12, 2019;2005;Animation
852;MV;Disney's The Kid;November 12, 2019;2000;Comedy
853;TV;Disney's The Little Mermaid (Series);November 12, 2019;1992;Action-Adventure
854;MV;Disneyland Around the Seasons (Walt Disney's Wonderful World of Color: 1961-69);November 12, 2019;1966;Documentary
855;MV;Disneynature African Cats;November 12, 2019;2011;Animals & Nature
856;MV;Disneynature Bears;November 12, 2019;2014;Animals & Nature
857;MV;Disneynature Born in China;November 12, 2019;2017;Animals & Nature
858;MV;Disneynature Chimpanzee;November 12, 2019;2012;Animals & Nature
859;MV;Disneynature Crimson Wing;November 12, 2019;2008;Animals & Nature
860;MV;Disneynature Monkey Kingdom;November 12, 2019;2015;Animals & Nature
861;MV;Disneynature Wings of Life;November 12, 2019;2011;Animals & Nature
862;TV;Dog Whisperer with Cesar Millan;November 12, 2019;2004;Animals & Nature
863;MV;Don't Look Under the Bed;November 12, 2019;1999;Coming of Age
864;MV;Donald's Golf Game;November 12, 2019;1938;Animation
865;MV;Donald's Tire Trouble;November 12, 2019;1943;Animation
866;MV;Double Teamed;November 12, 2019;2002;Biographical
867;MV;Doug's 1st MV;November 12, 2019;1999;Animation
868;TV;Dr. T, Lone Star Vet;November 12
869;MV;DuckTales The MV: Treasure of the Lost Lamp;November 12, 2019;1990;Action-Adventure
870;MV;Dug's Special Mission;November 12, 2019;2009;Animation
871;MV;Dumbo;November 12, 2019;2019;Action-Adventure
872;MV;Early to Bed;November 12, 2019;1941;Animation
873;MV;Earth Live;November 12, 2019;2017;Animals & Nature
874;MV;Easter Island Unsolved;November 12, 2019;2018;Documentary
875;MV;Eddie's Million Dollar Cook-off;November 12, 2019;2003;Comedy
876;MV;Eight Below;November 12, 2019;2006;Action-Adventure
877;TV;Elena of Avalor (Shorts);November 12, 2019;2017;Action-Adventure
878;MV;Emil and the Detectives;November 12, 2019;1964;Action-Adventure
879;MV;Empire of Dreams: The Story of the Star Wars Trilogy;November 12, 2019;2004;Documentary
880;TV;Encore!;November 12, 2019;2019;Music
881;MV;Escape to Witch Mountain;November 12, 2019;1975;Action-Adventure
882;TV;Even Stevens;November 12, 2019;2000;Comedy
883;MV;Expedition Mars: Spirit & Opportunity;November 12, 2019;2019;Documentary
884;MV;Fantasia;November 12, 2019;1940;Animation
885;MV;Fantasia 2000;November 12, 2019;2000;Animation
886;TV;Fantastic Four (Series);November 12, 2019;1994;Action-Adventure
887;TV;Fantastic Four: World's Greatest Heroes;November 12, 2019;2007;Action-Adventure
888;MV;Ferdinand the Bull;November 12, 2019;1938;Animation
889;MV;Finding Dory;November 12, 2019;2016;Action-Adventure
890;MV;Finding Nemo;November 12, 2019;2003;Action-Adventure
891;MV;First Kid;November 12, 2019;1996;Buddy
892;MV;Flight of the Navigator;November 12, 2019;1986;Action-Adventure
893;MV;Float;November 12, 2019;2019;Animation
894;MV;Flowers and Trees;November 12, 2019;1932;Animation
895;MV;Flubber;November 12, 2019;1997;Comedy
896;MV;Food for Feudin';November 12, 2019;1950;Animation
897;MV;For the Birds;November 12, 2019;2001;Animation
898;MV;Forky Asks a Question: What is Money?;November 12, 2019;2019;Animation
899;MV;Frank and Ollie;November 12, 2019;1995;Biographical
900;MV;Frankenweenie (Short);November 12, 2019;1984;Drama
901;MV;Freaky Friday;November 12, 2019;2003;Comedy
902;MV;Free Solo;November 12, 2019;2018;Action-Adventure
903;MV;Frenemies;November 12, 2019;2012;Anthology
904;MV;Frozen;November 12, 2019;2013;Animation
905;MV;Full-Court Miracle;November 12, 2019;2003;Coming of Age
906;MV;Fun and Fancy Free;November 12, 2019;1947;Action-Adventure
907;MV;Fuzzbucket;November 12, 2019;1986;Buddy
908;TV;Gargoyles;November 12, 2019;1994;Action-Adventure
909;MV;Geek Charming;November 12, 2019;2011;Comedy
910;MV;Genius;November 12, 2019;1999;Comedy
911;MV;George & A.J.;November 12, 2019;2009;Animation
912;MV;Geri's Game;November 12, 2019;1997;Animation
913;MV;Get a Clue;November 12, 2019;2002;Drama
914;MV;Giants of the Deep Blue;November 12, 2019;2018;Animals & Nature
915;TV;Girl Meets World;November 12, 2019;2013;Comedy
916;MV;Go Figure;November 12, 2019;2005;Coming of Age
917;MV;Going to the Mat;November 12, 2019;2004;Coming of Age
918;TV;Good Luck Charlie;November 12, 2019;2009;Comedy
919;MV;Good Luck Charlie, It's Christmas!;November 12
920;TV;Goof Troop;November 12, 2019;1992;Animation
921;MV;Gotta Kick it Up;November 12, 2019;2002;Coming of Age
922;MV;Grand Canyonscope;November 12, 2019;1954;Animation
923;MV;Grasshopper and the Ants;November 12, 2019;1934;Animation
924;TV;Great Migrations;November 12, 2019;2010;Animals & Nature
925;MV;Greyfriars Bobby;November 12, 2019;1961;Animals & Nature
926;MV;Gus;November 12, 2019;1976;Animals & Nature
927;MV;Halloweentown;November 12, 2019;1998;Action-Adventure
928;MV;Halloweentown High;November 12, 2019;2004;Action-Adventure
929;MV;Halloweentown II: Kalabar's Revenge;November 12, 2019;2001;Action-Adventure
930;TV;Handy Manny;November 12, 2019;2006;Animation
931;TV;Hannah Montana;November 12, 2019;2005;Comedy
932;MV;Hannah Montana and Miley Cyrus: Best of Both Worlds Concert;November 12, 2019;2008;Concert Film
933;MV;Hannah Montana The MV;November 12, 2019;2009;Comedy
934;MV;Hatching Pete;November 12, 2019;2009;Comedy
935;MV;Hawaiian Holiday;November 12, 2019;1937;Animation
936;MV;Heavyweights;November 12, 2019;1995;Comedy
937;MV;Herbie Goes Bananas;November 12, 2019;1980;Action-Adventure
938;MV;Herbie Goes to Monte Carlo;November 12, 2019;1977;Action-Adventure
939;MV;Herbie Rides Again;November 12, 2019;1974;Comedy
940;MV;Hercules;November 12, 2019;1997;Action-Adventure
941;MV;High School Musical;November 12, 2019;2006;Coming of Age
942;MV;High School Musical 2;November 12, 2019;2007;Coming of Age
943;MV;High School Musical 3: Senior Year;November 12, 2019;2008;Coming of Age
944;TV;High School Musical: The Musical: The Series;November 12, 2019;2019;Comedy
945;MV;Hocus Pocus;November 12, 2019;1993;Comedy
946;MV;Home on the Range;November 12, 2019;2004;Animation
947;MV;Honey, I Blew Up the Kid;November 12
948;MV;Honey, I Shrunk the Kids;November 12
949;MV;Honey, We Shrunk Ourselves;November 12
950;MV;Horse Sense;November 12, 2019;1999;Coming of Age
951;TV;Hostile Planet;November 12, 2019;2019;Animals & Nature
952;MV;Hounded;November 12, 2019;2001;Animals & Nature
953;MV;How Dogs Got Their Shapes;November 12, 2019;2016;Animals & Nature
954;MV;How to Build a Better Boy;November 12, 2019;2014;Action-Adventure
955;MV;How to Fish;November 12, 2019;1942;Animation
956;MV;How to Swim;November 12, 2019;1942;Animation
957;TV;Hulk and the Agents of S.M.A.S.H.;November 12, 2019;2012;Action-Adventure
958;MV;I'll Be Home for Christmas;November 12, 2019;1998;Action-Adventure
959;MV;Ice Age: The Great Egg-Scapade;November 12, 2019;2016;Animation
960;MV;Ice Princess;November 12, 2019;2005;Coming of Age
961;MV;Inner Workings;November 12, 2019;2016;Animation
962;MV;Inside Out;November 12, 2019;2015;Animation
963;MV;Inspector Gadget;November 12, 2019;1999;Action-Adventure
964;MV;Inspector Gadget 2;November 12, 2019;2003;Action-Adventure
965;MV;Into the Grand Canyon;November 12, 2019;2019;Action-Adventure
966;MV;Into the Okavango;November 12, 2019;2018;Action-Adventure
967;MV;Invincible;November 12, 2019;2006;Biographical
968;MV;Invisible Sister;November 12, 2019;2015;Comedy
969;TV;Iron Man (Series);November 12, 2019;1994;Action-Adventure
970;TV;Iron Man Armored Adventures;November 12, 2019;2008;Action-Adventure
971;MV;Iron Will;November 12, 2019;1994;Action-Adventure
972;MV;Jack;November 12, 2019;1996;Comedy
973;MV;Jack-Jack Attack;November 12, 2019;2005;Animation
974;MV;James and the Giant Peach;November 12, 2019;1996;Action-Adventure
975;MV;Jane;November 12, 2019;2017;Animals & Nature
976;TV;Jessie;November 12, 2019;2011;Comedy
977;MV;Jingle Pols;November 12, 2019;2013;Animals & Nature
978;MV;Johnny Kapahala: Back on Board;November 12, 2019;2007;Coming of Age
979;MV;Johnny Tsunami;November 12, 2019;1999;Coming of Age
980;MV;Jonas Brothers: The Concert Experience;November 12, 2019;2009;Concert Film
981;MV;Journey to Shark Eden;November 12, 2019;2010;Action-Adventure
982;MV;Journey to the Center of the Earth;November 12, 2019;1959;Action-Adventure
983;MV;Jump In!;November 12, 2019;2007;Coming of Age
984;MV;Jumping Ship;November 12, 2019;2001;Action-Adventure
985;MV;Jungle 2 Jungle;November 12, 2019;1997;Comedy
986;MV;Jungle Cat;November 12, 2019;1960;Animals & Nature
987;MV;Kazaam;November 12, 2019;1996;Action-Adventure
988;TV;Kickin' It;November 12, 2019;2010;Action-Adventure
989;MV;Kim Possible;November 12, 2019;2019;Action-Adventure
990;MV;Kim Possible MV: So the Drama;November 12, 2019;2005;Action-Adventure
991;MV;Kingdom of the Apes: Battle Lines;November 12, 2019;2017;Animals & Nature
992;MV;Kingdom of the Blue Whale;November 12, 2019;2009;Animals & Nature
993;TV;Kingdom of the White Wolf;November 12, 2019;2019;Action-Adventure
994;MV;Kitbull;November 12, 2019;2019;Animation
995;MV;Knick Knack Theatrical Short;November 12, 2019;2003;Animation
996;MV;Kronk's New Groove;November 12, 2019;2005;Animation
997;MV;La Luna;November 12, 2019;2012;Animation
998;TV;Lab Rats;November 12, 2019;2011;Action-Adventure
999;MV;Lady and the Tramp;November 12, 2019;2019;Action-Adventure
1000;MV;Lava;November 12, 2019;2015;Animation
1001;TV;LEGO Disney Frozen: Northern Lights (Shorts);November 12, 2019;2016;Action-Adventure
1002;TV;LEGO Star Wars: All Stars;November 12, 2019;2018;Action-Adventure
1003;TV;LEGO Star Wars: All Stars (Shorts);November 12, 2019;2018;Action-Adventure
1004;TV;LEGO Star Wars: Droid Tales;November 12, 2019;2014;Action-Adventure
1005;TV;LEGO Star Wars: Resistance Rises (Shorts);November 12, 2019;2015;Action-Adventure
1006;TV;LEGO Star Wars: The Freemaker Adventures;November 12, 2019;2015;Action-Adventure
1007;TV;LEGO Star Wars: The Freemaker Adventures (Shorts);November 12, 2019;2016;Action-Adventure
1008;MV;LEGO Star Wars: The New Yoda Chronicles - Clash of the Skywalkers;November 12, 2019;2014;Action-Adventure
1009;MV;LEGO Star Wars: The New Yoda Chronicles - Raid on Coruscant;November 12, 2019;2014;Action-Adventure
1010;MV;LEGO Star Wars: The New Yoda Chronicles – Duel of the Skywalkers;November 12, 2019;2014;Action-Adventure
1011;MV;LEGO Star Wars: The New Yoda Chronicles – Escape from the Jedi Temple;November 12, 2019;2014;Action-Adventure
1012;MV;LEGO Star Wars: The New Yoda Chronicles – Race for the Holocrons;November 12, 2019;2014;Action-Adventure
1013;MV;Lemonade Mouth;November 12, 2019;2011;Coming of Age
1014;MV;Lend a Paw;November 12, 2019;1941;Animation
1015;MV;Leroy & Stitch;November 12, 2019;2006;Action-Adventure
1016;MV;Let it Shine;November 12, 2019;2012;Coming of Age
1017;MV;Life is Ruff;November 12, 2019;2005;Animals & Nature
1018;MV;Life With Mikey;November 12, 2019;1993;Buddy
1019;MV;Life-Size 2;November 12, 2019;2018;Comedy
1020;MV;Lifted;November 12, 2019;2006;Animation
1021;MV;Lilo & Stitch;November 12, 2019;2002;Action-Adventure
1022;MV;Lilo & Stitch 2: Stitch Has a Glitch;November 12, 2019;2005;Animation
1023;TV;Lizzie McGuire;November 12, 2019;2000;Comedy
1024;MV;Lonesome Ghosts;November 12, 2019;1937;Animation
1025;TV;Lost Treasures of the Maya;November 12, 2019;2018;Docuseries
1026;MV;Lou;November 12, 2019;2017;Action-Adventure
1027;MV;Luck of the Irish;November 12, 2019;2001;Comedy
1028;MV;Luxo Jr.;November 12, 2019;1986;Animation
1029;MV;Magician Mickey;November 12, 2019;1937;Animation
1030;MV;Mail Dog;November 12, 2019;1947;Animation
1031;MV;Man Among Cheetahs;November 12, 2019;2017;Animals & Nature
1032;MV;Mars: Inside SpaceX;November 12, 2019;2018;Documentary
1033;TV;Marvel Comics X-Men;November 12, 2019;1992;Action-Adventure
1034;TV;Marvel Rising: Initiation (Shorts);November 12, 2019;2017;Action-Adventure
1035;MV;Marvel Rising: Secret Warriors;November 12, 2019;2018;Action-Adventure
1036;MV;Marvel Studios: Assembling A Universe;November 12, 2019;2014;Action-Adventure
1037;MV;Marvel Studios: Expanding the Universe;November 12, 2019;2019;Documentary
1038;MV;Marvel Studios' Ant-Man;November 12, 2019;2015;Action-Adventure
1039;MV;Marvel Studios' Avengers: Age of Ultron;November 12, 2019;2015;Action-Adventure
1040;MV;Marvel Studios' Avengers: Endgame;November 12, 2019;2019;Action-Adventure
1041;MV;Marvel Studios' Captain America: Civil War;November 12, 2019;2016;Action-Adventure
1042;MV;Marvel Studios' Captain America: The First Avenger;November 12, 2019;2011;Action-Adventure
1043;MV;Marvel Studios' Captain America: The Winter Soldier;November 12, 2019;2014;Action-Adventure
1044;MV;Marvel Studios' Captain Marvel;November 12, 2019;2019;Action-Adventure
1045;MV;Marvel Studios' Doctor Strange;November 12, 2019;2016;Action-Adventure
1046;MV;Marvel Studios' Guardians of the Galaxy;November 12, 2019;2014;Action-Adventure
1047;MV;Marvel Studios' Guardians of the Galaxy Vol. 2;November 12, 2019;2017;Action-Adventure
1048;MV;Marvel Studios' Iron Man;November 12, 2019;2008;Action-Adventure
1049;MV;Marvel Studios' Iron Man 2;November 12, 2019;2010;Action-Adventure
1050;MV;Marvel Studios' Iron Man 3;November 12, 2019;2013;Action-Adventure
1051;MV;Marvel Studios' The Avengers;November 12, 2019;2012;Action-Adventure
1052;MV;Marvel Studios' Thor;November 12, 2019;2011;Action-Adventure
1053;MV;Marvel Studios' Thor: The Dark World;November 12, 2019;2013;Action-Adventure
1054;TV;Marvel Ultimate Spider-Man;November 12, 2019;2011;Action-Adventure
1055;TV;Marvel's Agent Carter;November 12, 2019;2014;Action-Adventure
1056;TV;Marvel's Ant-Man (Shorts);November 12, 2019;2016;Action-Adventure
1057;TV;Marvel's Avengers Assemble;November 12, 2019;2012;Action-Adventure
1058;TV;Marvel's Avengers: Secret Wars (Shorts);November 12, 2019;2016;Action-Adventure
1059;TV;Marvel's Guardians of the Galaxy (Series);November 12, 2019;2015;Action-Adventure
1060;TV;Marvel's Guardians of the Galaxy (Shorts);November 12, 2019;2014;Action-Adventure
1061;TV;Marvel's Hero Project;November 12, 2019;2019;Docuseries
1062;TV;Marvel's Inhumans;November 12, 2019;2017;Action-Adventure
1063;TV;Marvel's Rocket & Groot (Shorts);November 12, 2019;2016;Action-Adventure
1064;TV;Marvel's Ultimate Comics;November 12, 2019;2016;Action-Adventure
1065;MV;Mary Poppins;November 12, 2019;1964;Family
1066;MV;Mater and the Ghostlight;November 12, 2019;2006;Animation
1067;MV;Meet the Deedles;November 12, 2019;1998;Buddy
1068;MV;Meet the Robinsons;November 12, 2019;2007;Action-Adventure
1069;MV;Melody Time;November 12, 2019;1948;Animation
1070;MV;Mickey Down Under;November 12, 2019;1948;Animation
1071;TV;Mickey Mouse (Shorts);November 12, 2019;2012;Animation
1072;TV;Mickey Mouse Club (1955-59);November 12, 2019;1955;Family
1073;MV;Mickey, Donald
1074;MV;Mickey's Birthday Party;November 12, 2019;1942;Animation
1075;MV;Mickey's Christmas Carol;November 12, 2019;1983;Animation
1076;MV;Mickey's Delayed Date;November 12, 2019;1947;Animation
1077;MV;Mickey's Once Upon a Christmas;November 12, 2019;1999;Animation
1078;MV;Mickey's Rival;November 12, 2019;1936;Animation
1079;MV;Mickey's Trailer;November 12, 2019;1938;Animation
1080;MV;Mickey's Twice Upon a Christmas;November 12, 2019;2004;Animation
1081;MV;Mighty Joe Young;November 12, 2019;1998;Action-Adventure
1082;MV;Mike's New Car;November 12, 2019;2002;Animation
1083;MV;Minutemen;November 12, 2019;2008;Action-Adventure
1084;MV;Miracle;November 12, 2019;2004;Drama
1085;MV;Miracle at Midnight;November 12, 2019;1998;Drama
1086;MV;Miracle in Lane 2;November 12, 2019;2000;Biographical
1087;MV;Miracle Landing on the Hudson;November 12, 2019;2014;Action-Adventure
1088;MV;Mission to the Sun;November 12, 2019;2018;Documentary
1089;MV;Moana;November 12, 2019;2016;Action-Adventure
1090;MV;Mom's Got a Date With a Vampire;November 12, 2019;2000;Comedy
1091;MV;Monsters University;November 12, 2019;2013;Animation
1092;MV;Monsters, Inc.;November 12
1093;MV;Motocrossed;November 12, 2019;2001;Drama
1094;MV;Mr. Boogedy;November 12, 2019;1986;Comedy
1095;MV;Mr. Duck Steps Out;November 12, 2019;1940;Animation
1096;MV;Mr. Mouse Takes a Trip;November 12, 2019;1940;Animation
1097;MV;Mulan II;November 12, 2019;2005;Action-Adventure
1098;TV;Muppet Moments (Shorts);November 12, 2019;2014;Anthology
1099;MV;Muppet Treasure Island;November 12, 2019;1996;Action-Adventure
1100;MV;Muppets Most Wanted;November 12, 2019;2014;Action-Adventure
1101;MV;My Favorite Martian;November 12, 2019;1999;Comedy
1102;TV;My Friends Tigger & Pooh;November 12, 2019;2006;Animation
1103;MV;National Treasure: Book of Secrets;November 12, 2019;2007;Action-Adventure
1104;MV;Newsies;November 12, 2019;1992;Coming of Age
1105;MV;Newsies: The Broadway Musical;November 12, 2019;2017;Coming of Age
1106;MV;Noelle;November 12, 2019;2019;Comedy
1107;MV;Now You See It;November 12, 2019;2005;Coming of Age
1108;MV;Olaf's Frozen Adventure;November 12, 2019;2017;Animation
1109;MV;Old Yeller;November 12, 2019;1957;Animals & Nature
1110;MV;Oliver & Company;November 12, 2019;1988;Action-Adventure
1111;MV;Once Upon a Mattress;November 12, 2019;2005;Comedy
1112;MV;One Magic Christmas;November 12, 2019;1985;Drama
1113;MV;One Man Band;November 12, 2019;2006;Animation
1114;MV;Operation Dumbo Drop;November 12, 2019;1995;Action-Adventure
1115;TV;Origins: The Journey of Humankind;November 12, 2019;2016;Docuseries
1116;TV;Out of the Box;November 12, 2019;1998;Kids
1117;MV;Paris To Pittsburgh;November 12, 2019;2018;Documentary
1118;MV;Partly Cloudy;November 12, 2019;2009;Animation
1119;MV;Party Central;November 12, 2019;2014;Animation
1120;MV;Perri;November 12, 2019;1957;Animals & Nature
1121;MV;Pete's Dragon;November 12, 2019;2016;Action-Adventure
1122;MV;Peter Pan;November 12, 2019;1953;Action-Adventure
1123;MV;Peter Pan: Return to Never Land;November 12, 2019;2002;Action-Adventure
1124;MV;Phantom of the Megaplex;November 12, 2019;2000;Comedy
1125;TV;Phil of the Future;November 12, 2019;2003;Comedy
1126;TV;Phineas and Ferb;November 12, 2019;2007;Action-Adventure
1127;MV;Phineas and Ferb the MV: Across the 2nd Dimension;November 12, 2019;2011;Action-Adventure
1128;MV;Phineas and Ferb: Mission Marvel;November 12, 2019;2013;Action-Adventure
1129;MV;Piglet's Big MV;November 12, 2019;2003;Action-Adventure
1130;MV;Pinocchio;November 12, 2019;1940;Animation
1131;MV;Piper;November 12, 2019;2016;Animals & Nature
1132;MV;Pirates of the Caribbean: At World's End;November 12, 2019;2007;Action-Adventure
1133;MV;Pirates of the Caribbean: Dead Man's Chest;November 12, 2019;2006;Action-Adventure
1134;MV;Pirates of the Caribbean: The Curse of the Black Pearl;November 12, 2019;2003;Action-Adventure
1135;TV;Pixar In Real Life;November 12, 2019;2019;Anthology
1136;MV;Pixel Perfect;November 12, 2019;2004;Comedy
1137;MV;Planet of the Birds;November 12, 2019;2018;Animals & Nature
1138;MV;Pluto and the Gopher;November 12, 2019;1950;Animation
1139;MV;Pluto's Christmas Tree;November 12, 2019;1952;Animation
1140;MV;Pluto's Surprise Package;November 12, 2019;1949;Animation
1141;MV;Pluto's Sweater;November 12, 2019;1949;Animation
1142;MV;Pocahontas;November 12, 2019;1995;Action-Adventure
1143;MV;Pocahontas II: Journey to a New World;November 12, 2019;1998;Action-Adventure
1144;MV;Pollyanna;November 12, 2019;1960;Coming of Age
1145;MV;Pooh's Grand Adventure: The Search for Christopher Robin;November 12, 2019;1997;Action-Adventure
1146;MV;Pooh's Heffalump MV;November 12, 2019;2005;Action-Adventure
1147;MV;Presto;November 12, 2019;2008;Animation
1148;MV;Princess Protection Program;November 12, 2019;2009;Buddy
1149;MV;Purl;November 12, 2019;2019;Animation
1150;TV;Quack Pack;November 12, 2019;1996;Action-Adventure
1151;MV;Queen of Katwe;November 12, 2019;2016;Biographical
1152;MV;Quints;November 12, 2019;2000;Comedy
1153;MV;Ratatouille;November 12, 2019;2007;Animation
1154;MV;Read It and Weep;November 12, 2019;2006;Comedy
1155;MV;Ready to Run;November 12, 2019;2000;Animals & Nature
1156;MV;Recess: All Growed Down;November 12, 2019;2003;Animation
1157;MV;Recess: School's Out;November 12, 2019;2001;Animation
1158;MV;Recess: Taking the 5th Grade;November 12, 2019;2003;Animation
1159;MV;Red's Dream;November 12, 2019;1987;Animation
1160;MV;Remember the Titans;November 12, 2019;2000;Drama
1161;MV;Rescue Dog;November 12, 2019;1947;Animation
1162;MV;Return from Witch Mountain;November 12, 2019;1978;Action-Adventure
1163;MV;Return to Halloweentown;November 12, 2019;2006;Family
1164;MV;Return to Oz;November 12, 2019;1985;Action-Adventure
1165;MV;Richie Rich's Christmas Wish;November 12, 2019;1998;Action-Adventure
1166;MV;Right on Track;November 12, 2019;2003;Buddy
1167;MV;Riley’s First Date?;November 12, 2019;2015;Animation
1168;MV;Rip Girls;November 12, 2019;2000;Coming of Age
1169;MV;Robin Hood;November 12, 2019;1973;Action-Adventure
1170;TV;Rocky Mountain Animal Rescue;November 12, 2019;2018;Animals & Nature
1171;MV;Rogue One: A Star Wars Story;November 12, 2019;2016;Action-Adventure
1172;MV;Roving Mars;November 12, 2019;2006;Documentary
1173;MV;Ruby Bridges;November 12, 2019;1998;Biographical
1174;MV;Sacred Planet;November 12, 2019;2004;Animals & Nature
1175;MV;Saludos Amigos;November 12, 2019;1943;Animation
1176;MV;Sammy, The Way-Out Seal;November 12
1177;MV;Sanjay's Super Team;November 12, 2019;2015;Action-Adventure
1178;MV;Santa Paws 2: The Santa Pups;November 12, 2019;2012;Fantasy
1179;MV;Santa's Workshop;November 12, 2019;1932;Animation
1180;MV;Saving Mr. Banks;November 12, 2019;2013;Biographical
1181;MV;Science Fair;November 12, 2019;2018;Documentary
1182;MV;Sea of Hope: America's Underwater Treasures;November 12, 2019;2017;Action-Adventure
1183;MV;Secret of The Wings;November 12, 2019;2012;Animation
1184;MV;Secretariat;November 12, 2019;2010;Animals & Nature
1185;MV;Secrets of Christ's Tomb: Explorer Special;November 12, 2019;2017;Documentary
1186;MV;Secrets of Life;November 12, 2019;1956;Animals & Nature
1187;MV;Secrets of the King Cobra;November 12, 2019;2012;Animals & Nature
1188;TV;Shake It Up;November 12, 2019;2010;Buddy
1189;MV;Sharks of Lost Island;November 12, 2019;2013;Action-Adventure
1190;MV;Sharpay's Fabulous Adventure;November 12, 2019;2011;Comedy
1191;MV;Shipwrecked;November 12, 2019;1991;Action-Adventure
1192;TV;Silver Surfer;November 12, 2019;1997;Action-Adventure
1193;MV;Simpsons MV;November 12, 2019;2007;Action-Adventure
1194;MV;Sister Act;November 12, 2019;1992;Comedy
1195;MV;Sister Act 2: Back in the Habit;November 12, 2019;1993;Comedy
1196;MV;Skyrunners;November 12, 2019;2009;Action-Adventure
1197;MV;Sleeping Beauty;November 12, 2019;1959;Animation
1198;MV;Smart House;November 12, 2019;1999;Comedy
1199;MV;Smash and Grab;November 12, 2019;2019;Animation
1200;MV;Snow White and The Seven Dwarfs;November 12, 2019;1937;Animation
1201;MV;Snowball Express;November 12, 2019;1972;Comedy
1202;MV;Snowglobe;November 12, 2019;2007;Comedy
1203;TV;So Weird;November 12, 2019;1999;Fantasy
1204;MV;Society Dog Show;November 12, 2019;1939;Animation
1205;TV;Spider-Man (Shorts);November 12, 2019;2016;Action-Adventure
1206;TV;Spider-Man and His Amazing Friends;November 12, 2019;1982;Action-Adventure
1207;TV;Spider-Man Unlimited;November 12, 2019;1999;Action-Adventure
1208;TV;Spider-Woman;November 12, 2019;1979;Action-Adventure
1209;TV;Star Wars Forces of Destiny (Shorts);November 12, 2019;2016;Action-Adventure
1210;TV;Star Wars Rebels;November 12, 2019;2014;Action-Adventure
1211;TV;Star Wars Rebels (Shorts);November 12, 2019;2014;Action-Adventure
1212;MV;Star Wars: A New Hope (Episode IV);November 12, 2019;1977;Action-Adventure
1213;MV;Star Wars: Attack of the Clones (Episode II);November 12, 2019;2002;Action-Adventure
1214;TV;Star Wars: Blips;November 12, 2019;2019;Series
1215;MV;Star Wars: Return of the Jedi (Episode VI);November 12, 2019;1983;Action-Adventure
1216;MV;Star Wars: Revenge of the Sith (Episode III);November 12, 2019;2005;Action-Adventure
1217;MV;Star Wars: The Empire Strikes Back (Episode V);November 12, 2019;1980;Action-Adventure
1218;MV;Star Wars: The Force Awakens (Episode VII);November 12, 2019;2015;Action-Adventure
1219;MV;Star Wars: The Phantom Menace (Episode I);November 12, 2019;1999;Action-Adventure
1220;MV;Starstruck;November 12, 2019;2010;Comedy
1221;MV;Steamboat Willie;November 12, 2019;1928;Animation
1222;MV;Stepsister from Planet Weird;November 12, 2019;2000;Comedy
1223;MV;Stitch! The MV;November 12, 2019;2003;Animation
1224;MV;Stonehenge Decoded: Secrets Revealed;November 12, 2019;2008;Documentary
1225;MV;Stuck in the Suburbs;November 12, 2019;2004;Comedy
1226;MV;Sultan and the Rock Star;November 12, 2019;1980;Action-Adventure
1227;MV;Super Buddies;November 12, 2019;2013;Action-Adventure
1228;MV;Swiss Family Robinson;November 12, 2019;1940;Action-Adventure
1229;TV;TaleSpin;November 12, 2019;1990;Action-Adventure
1230;MV;Tall Tale;November 12, 2019;1995;Action-Adventure
1231;MV;Tangled;November 12, 2019;2010;Action-Adventure
1232;MV;Tangled Before Ever After;November 12, 2019;2017;Animation
1233;MV;Tarzan & Jane;November 12, 2019;2002;Action-Adventure
1234;MV;Teacher's Pet;November 12, 2019;2004;Animation
1235;MV;Teen Beach 2;November 12, 2019;2015;Fantasy
1236;MV;Teen Beach MV;November 12, 2019;2013;Coming of Age
1237;MV;Teen Spirit;November 12, 2019;2011;Buddy
1238;MV;That Darn Cat;November 12, 2019;1997;Animals & Nature
1239;MV;That Darn Cat!;November 12, 2019;1965;Animals & Nature
1240;MV;The Absent-Minded Professor;November 12, 2019;1961;Comedy
1241;MV;The Adventures of André & Wally B.;November 12, 2019;1984;Animation
1242;MV;The Adventures of Bullwhip Griffin;November 12, 2019;1967;Action-Adventure
1243;MV;The Adventures of Huck Finn;November 12, 2019;1993;Action-Adventure
1244;MV;The Adventures of Ichabod and Mr. Toad;November 12, 2019;1949;Action-Adventure
1245;TV;The Adventures of Spin and Marty;November 12, 2019;1955;Buddy
1246;MV;The African Lion;November 12, 2019;1955;Animals & Nature
1247;MV;The Apple Dumpling Gang;November 12, 2019;1975;Comedy
1248;MV;The Apple Dumpling Gang Rides Again;November 12, 2019;1979;Comedy
1249;MV;The Aristocats;November 12, 2019;1970;Action-Adventure
1250;MV;The Art of Skiing;November 12, 2019;1941;Animation
1251;TV;The Avengers: Earth's Mightiest Heroes;November 12, 2019;2010;Action-Adventure
1252;TV;The Avengers: United They Stand;November 12, 2019;1999;Action-Adventure
1253;MV;The Band Concert;November 12, 2019;1935;Animation
1254;MV;The Bears and I;November 12, 2019;1974;Animals & Nature
1255;MV;The Big Bad Wolf;November 12, 2019;1934;Animation
1256;MV;The Biscuit Eater;November 12, 2019;1972;Animals & Nature
1257;MV;The Black Cauldron;November 12, 2019;1985;Action-Adventure
1258;MV;The Black Hole;November 12, 2019;1979;Action-Adventure
1259;MV;The Blue Umbrella;November 12, 2019;2013;Animation
1260;TV;The Book of Once Upon a Time;November 12, 2019;2014;Animation
1261;TV;The Book of Pooh;November 12, 2019;2000;Comedy
1262;MV;The Brave Little Toaster Goes to Mars;November 12, 2019;1998;Action-Adventure
1263;MV;The Castaway Cowboy;November 12, 2019;1974;Action-Adventure
1264;MV;The Cheetah Girls;November 12, 2019;2003;Coming of Age
1265;MV;The Cheetah Girls 2;November 12, 2019;2006;Coming of Age
1266;MV;The Cheetah Girls: One World;November 12, 2019;2008;Comedy
1267;MV;The Christmas Star;November 12, 2019;1986;Crime
1268;MV;The Chronicles of Narnia: Prince Caspian;November 12, 2019;2008;Action-Adventure
1269;MV;The Chronicles of Narnia: The Lion, the Witch and the Wardrobe;November 12
1270;MV;The Color of Friendship;November 12, 2019;2000;Biographical
1271;MV;The Computer Wore Tennis Shoes;November 12, 2019;1969;Comedy
1272;MV;The Country Bears;November 12, 2019;2002;Comedy
1273;MV;The Emperor's New Groove;November 12, 2019;2000;Action-Adventure
1274;MV;The Even Stevens MV;November 12, 2019;2003;Action-Adventure
1275;MV;The Flood;November 12, 2019;2018;Animals & Nature
1276;MV;The Fox and the Hound;November 12, 2019;1981;Action-Adventure
1277;MV;The Fox and the Hound 2;November 12, 2019;2006;Action-Adventure
1278;MV;The Game Plan;November 12, 2019;2007;Comedy
1279;MV;The Ghosts of Buxley Hall;November 12, 2019;1980;Comedy
1280;MV;The Goddess of Spring;November 12, 2019;1934;Animation
1281;MV;The Golden Touch;November 12, 2019;1935;Animation
1282;MV;The Good Dinosaur;November 12, 2019;2015;Action-Adventure
1283;MV;The Great Muppet Caper;November 12, 2019;1981;Comedy
1284;MV;The Greatest Game Ever Played;November 12, 2019;2005;Biographical
1285;MV;The Haunted Mansion;November 12, 2019;2003;Comedy
1286;MV;The Hockey Champ;November 12, 2019;1939;Animation
1287;MV;The Hunchback of Notre Dame;November 12, 2019;1996;Action-Adventure
1288;MV;The Hunchback of Notre Dame II;November 12, 2019;2002;Action-Adventure
1289;TV;The Imagineering Story;November 12, 2019;2019;Docuseries
1290;MV;The Incredible Journey;November 12, 2019;1963;Action-Adventure
1291;MV;The Incredibles;November 12, 2019;2004;Action-Adventure
1292;MV;The Journey of Natty Gann;November 12, 2019;1985;Action-Adventure
1293;MV;The Jungle Book 2;November 12, 2019;2003;Action-Adventure
1294;MV;The Jungle Book: Mowgli's Story;November 12, 2019;1998;Action-Adventure
1295;MV;The Legend of Mor'du;November 12, 2019;2012;Animation
1296;MV;The Lion King 1 1/2;November 12, 2019;2004;Action-Adventure
1297;MV;The Lion King 2: Simba's Pride;November 12, 2019;1998;Action-Adventure
1298;MV;The Little Mermaid;November 12, 2019;1989;Animation
1299;MV;The Little Mermaid II: Return to the Sea;November 12, 2019;2000;Animation
1300;MV;The Little Mermaid: Ariel's Beginning;November 12, 2019;2008;Animation
1301;MV;The Little Whirlwind;November 12, 2019;1941;Animation
1302;MV;The Living Desert;November 12, 2019;1953;Animals & Nature
1303;MV;The Lizzie McGuire MV;November 12, 2019;2003;Comedy
1304;MV;The Lost Tomb of Alexander the Great;November 12, 2019;2019;Documentary
1305;MV;The Love Bug (1969);November 12, 2019;1969;Action-Adventure
1306;MV;The Many Adventures of Winnie the Pooh;November 12, 2019;1977;Animation
1307;MV;The Million Dollar Duck;November 12, 2019;1971;Comedy
1308;MV;The Mistle-Tones;November 12, 2019;2012;Drama
1309;MV;The Muppet Christmas Carol;November 12, 2019;1992;Comedy
1310;MV;The Muppet MV;November 12, 2019;1979;Action-Adventure
1311;MV;The Muppets;November 12, 2019;2011;Comedy
1312;TV;The Muppets (Series);November 12, 2019;2015;Comedy
1313;TV;The New Adventures of Winnie the Pooh;November 12, 2019;1988;Animation
1314;MV;The Old Mill;November 12, 2019;1937;Action-Adventure
1315;MV;The Olympic Champ;November 12, 2019;1942;Animation
1316;MV;The Parent Trap;November 12, 2019;1998;Comedy
1317;MV;The Parent Trap (1961);November 12, 2019;1961;Comedy
1318;MV;The Pied Piper;November 12, 2019;1933;Animation
1319;MV;The Plausible Impossible (Disneyland: 1954-58);November 12, 2019;1956;Documentary
1320;MV;The Poof Point;November 12, 2019;2001;Comedy
1321;MV;The Prince and the Pauper;November 12, 2019;1962;Action-Adventure
1322;MV;The Princess and the Frog;November 12, 2019;2009;Animation
1323;MV;The Princess Diaries;November 12, 2019;2001;Comedy
1324;MV;The Princess Diaries 2: Royal Engagement;November 12, 2019;2004;Comedy
1325;MV;The Proud Family MV;November 12, 2019;2005;Animation
1326;MV;The Reluctant Dragon;November 12, 2019;1941;Animation
1327;TV;The Replacements;November 12, 2019;2006;Animation
1328;MV;The Rescuers;November 12, 2019;1977;Action-Adventure
1329;MV;The Rescuers Down Under;November 12, 2019;1990;Action-Adventure
1330;MV;The Rookie;November 12, 2019;2002;Biographical
1331;MV;The Santa Clause;November 12, 2019;1994;Comedy
1332;MV;The Santa Clause 2;November 12, 2019;2002;Comedy
1333;MV;The Santa Clause 3: The Escape Clause;November 12, 2019;2006;Comedy
1334;MV;The Scream Team;November 12, 2019;2002;Comedy
1335;MV;The Secret of the Magic Gourd;November 12, 2019;2009;Fantasy
1336;MV;The Shaggy D.A.;November 12, 2019;1976;Comedy
1337;MV;The Shaggy Dog;November 12, 2019;1959;Comedy
1338;MV;The Sign of Zorro;November 12, 2019;1960;Action-Adventure
1339;MV;The Simple Things;November 12, 2019;1953;Animation
1340;MV;The Sound of Music;November 12, 2019;1965;Biographical
1341;MV;The Story of Robin Hood And His Merrie Men;November 12, 2019;1952;Action-Adventure
1342;MV;The Strongest Man in the World;November 12, 2019;1975;Comedy
1343;MV;The Suite Life MV;November 12, 2019;2011;Comedy
1344;TV;The Suite Life of Zack & Cody;November 12, 2019;2004;Action-Adventure
1345;TV;The Suite Life On Deck;November 12, 2019;2008;Action-Adventure
1346;MV;The Swap;November 12, 2019;2016;Comedy
1347;MV;The Thirteenth Year;November 12, 2019;1999;Coming of Age
1348;MV;The Three Caballeros;November 12, 2019;1945;Animation
1349;MV;The Three Musketeers;November 12, 2019;1993;Action-Adventure
1350;MV;The Tigger MV;November 12, 2019;2000;Action-Adventure
1351;MV;The Tortoise and the Hare;November 12, 2019;1935;Animation
1352;MV;The Ugly Dachshund;November 12, 2019;1966;Animals & Nature
1353;MV;The Ugly Duckling;November 12, 2019;1939;Animation
1354;MV;The Ultimate Christmas Present;November 12, 2019;2000;Comedy
1355;MV;The Vanishing Prairie;November 12, 2019;1954;Animals & Nature
1356;MV;The Wild;November 12, 2019;2006;Action-Adventure
1357;MV;The Wise Little Hen;November 12, 2019;1934;Animation
1358;MV;The Wizards Return: Alex vs. Alex;November 12, 2019;2013;Comedy
1359;TV;The World According to Jeff Goldblum;November 12, 2019;2019;Docuseries
1360;MV;The Young Black Stallion;November 12, 2019;2003;Action-Adventure
1361;MV;Three Blind Mouseketeers;November 12, 2019;1936;Animation
1362;MV;Three Days;November 12, 2019;2001;Drama
1363;MV;Three Little Pigs;November 12, 2019;1933;Animation
1364;MV;Three Little Wolves;November 12, 2019;1936;Animation
1365;MV;Three Men and a Baby;November 12, 2019;1987;Buddy
1366;MV;Three Men and a Little Lady;November 12, 2019;1990;Buddy
1367;MV;Thru the Mirror;November 12, 2019;1936;Animation
1368;MV;Tiger Cruise;November 12, 2019;2004;Drama
1369;MV;Tim Burton’s The Nightmare Before Christmas;November 12, 2019;1993;Animation
1370;TV;Timon & Pumbaa;November 12, 2019;1995;Animation
1371;MV;Tin Toy;November 12, 2019;1988;Animation
1372;MV;Tinker Bell;November 12, 2019;2008;Action-Adventure
1373;MV;Tinker Bell and the Great Fairy Rescue;November 12, 2019;2010;Action-Adventure
1374;MV;Tinker Bell and the Lost Treasure;November 12, 2019;2009;Action-Adventure
1375;MV;Titanic: 20 Years Later With James Cameron;November 12, 2019;2017;Documentary
1376;MV;Toby Tortoise Returns;November 12, 2019;1936;Animation
1377;MV;Tom and Huck;November 12, 2019;1995;Action-Adventure
1378;MV;Toy Story;November 12, 2019;1995;Action-Adventure
1379;MV;Toy Story 2;November 12, 2019;1999;Action-Adventure
1380;MV;Toy Story 3;November 12, 2019;2010;Animation
1381;MV;Toy Story Toons: Hawaiian Vacation;November 12, 2019;2011;Animation
1382;MV;Toy Story Toons: Partysaurus Rex;November 12, 2019;2012;Animation
1383;MV;Toy Story Toons: Small Fry;November 12, 2019;2011;Animation
1384;MV;Trail of the Panda;November 12, 2019;2009;Action-Adventure
1385;MV;Trailer Horn;November 12, 2019;1950;Animation
1386;MV;Treasure Island;November 12, 2019;1950;Action-Adventure
1387;MV;Treasure of Matecumbe;November 12, 2019;1976;Action-Adventure
1388;MV;Treasure Planet;November 12, 2019;2002;Action-Adventure
1389;MV;Tree Climbing Lions;November 12, 2019;2018;Animals & Nature
1390;MV;Tron;November 12, 2019;1982;Action-Adventure
1391;MV;Tru Confessions;November 12, 2019;2002;Coming of Age
1392;MV;Tuck Everlasting;November 12, 2019;2002;Coming of Age
1393;MV;Tugboat Mickey;November 12, 2019;1940;Animation
1394;MV;Twas the Night;November 12, 2019;2001;Comedy
1395;MV;Twitches;November 12, 2019;2005;Comedy
1396;MV;Twitches Too;November 12, 2019;2007;Comedy
1397;MV;Unidentified Flying Oddball;November 12, 2019;1979;Action-Adventure
1398;MV;Up;November 12, 2019;2009;Action-Adventure
1399;MV;Up, Up and Away;November 12
1400;MV;Valiant;November 12, 2019;2005;Action-Adventure
1401;MV;Waking Sleeping Beauty;November 12, 2019;2010;Documentary
1402;MV;WALL-E;November 12, 2019;2008;Action-Adventure
1403;MV;Wendy Wu: Homecoming Warrior;November 12, 2019;2006;Action-Adventure
1404;MV;Whispers: An Elephant's Tale;November 12, 2019;2000;Action-Adventure
1405;MV;White Fang;November 12, 2019;1991;Action-Adventure
1406;MV;Who Framed Roger Rabbit;November 12, 2019;1988;Action-Adventure
1407;TV;Wild Yellowstone;November 12, 2019;2015;Animals & Nature
1408;MV;Winged Seduction: Birds of Paradise;November 12, 2019;2012;Action-Adventure
1409;MV;Winnie the Pooh;November 12, 2019;2011;Animation
1410;MV;Winnie the Pooh: A Very Merry Pooh Year;November 12, 2019;2002;Animation
1411;MV;Winnie the Pooh: Springtime with Roo;November 12, 2019;2004;Animation
1412;MV;Winter Storage;November 12, 2019;1949;Animation
1413;TV;Wizards of Waverly Place;November 12, 2019;2007;Comedy
1414;MV;Wizards of Waverly Place: The MV;November 12, 2019;2009;Action-Adventure
1415;TV;Wolverine and The X-Men;November 12, 2019;2008;Action-Adventure
1416;MV;World's Greatest Dogs;November 12, 2019;2015;Animals & Nature
1417;MV;Wreck-It Ralph;November 12, 2019;2012;Action-Adventure
1418;TV;X-Men: Evolution;November 12, 2019;2000;Action-Adventure
1419;MV;Ye Olden Days;November 12, 2019;1933;Animation
1420;MV;Yellowstone Cubs;November 12, 2019;1963;Animals & Nature
1421;MV;You Lucky Dog;November 12, 2019;1998;Comedy
1422;MV;You Wish!;November 12, 2019;2003;Coming of Age
1423;MV;Your Friend the Rat;November 12, 2019;2007;Animation
1424;MV;Z-O-M-B-I-E-S;November 12, 2019;2018;Coming of Age
1425;MV;Zapped;November 12, 2019;2014;Comedy
1426;MV;Zenon: Girl of the 21st Century;November 12, 2019;1999;Comedy
1427;MV;Zenon: The Zequel;November 12, 2019;2001;Comedy
1428;MV;Zenon: Z3;November 12, 2019;2004;Comedy
1429;MV;Zootopia;November 12, 2019;2016;Animation
1430;MV;Bedknobs and Broomsticks;October 1, 2019;1971;Comedy
1431;MV;Blackbeard's Ghost;October 1, 2019;1968;Comedy
1432;MV;Brave Little Tailor;October 1, 2019;1938;Action-Adventure
1433;MV;Justin Morgan had a Horse;October 1, 2019;1972;Animals & Nature
1434;MV;Lady and the Tramp II: Scamp's Adventure;October 1, 2019;2001;Action-Adventure
1435;TV;Smart Guy;October 1, 2019;1996;Comedy
1436;MV;The Cat from Outer Space;October 1, 2019;1978;Comedy
1437;MV;The Great Mouse Detective;October 1, 2019;1986;Animation
1438;MV;The Sword in the Stone;October 1, 2019;1963;Action-Adventure
1439;MV;Those Calloways;October 1, 2019;1965;Animals & Nature
1440;TV;Disney Kirby Buckets;October 1, 2019;2014;Action-Adventure
1441;TV;Disney Mech-X4;October 1, 2019;2016;Action-Adventure
1442;TV;Imagination Movers;October 1, 2019;2008;Kids
1443;MV;Tomorrowland;September 3, 2021;2015;Action-Adventure
1444;MV;Aquamarine;August 13, 2021;2006;Comedy
1445;MV;Ice Age: Dawn Of The Dinosaurs;June 4, 2021;2009;Animation
1446;MV;X-Men Origins: Wolverine;June 4, 2021;2009;Action-Adventure
1447;MV;Night at the Museum: Battle of the Smithsonian;April 2, 2021;2009;Action-Adventure
1448;MV;Eddie the Eagle;December 18, 2020;2016;Biographical
1449;MV;Bend It Like Beckham;September 18, 2020;2003;Buddy
1450;MV;Captain Sparky vs. The Flying Saucers;April 1, 2020;2012;Action-Adventure
